xea,ˈxeɐ̯,V-PP,IMPF: to exist / there is;PERF: to happen / appear,REG: arrhea;ORIG: to stand;CF: *arrhea* 'status';CF: *xeagge* 'present'
nêre,ˈnerɛ,V-PN,IMPF: to exist / there is;PERF: to happen / appear,REG: arrhea;ORIG: to stand;CF: *arrhea* 'status';CF: *xeagge* 'present'
xeañef,ˈxeɐ̯ɴɛf,V-VP,IMPF: to exist / there is;PERF: to happen / appear,REG: arrhea;ORIG: to stand;CF: *arrhea* 'status';CF: *xeagge* 'present'
xeañ,ˈxeɐ̯ɴ,V-VI,IMPF: to exist / there is;PERF: to happen / appear,REG: arrhea;ORIG: to stand;CF: *arrhea* 'status';CF: *xeagge* 'present'
qâe,ˈɢɑe̯,V-PP,IMPF: to be (copula);PERF: to become,DAT: thing become;REG: quqqo;CF: *uqqo* 'existence'
jêño,ˈjeɴɔ,V-PN,IMPF: to be (copula);PERF: to become,DAT: thing become;REG: quqqo;CF: *uqqo* 'existence'
qâeñof,ˈɢɑe̯ɴɔf,V-VP,IMPF: to be (copula);PERF: to become,DAT: thing become;REG: quqqo;CF: *uqqo* 'existence'
qâeñ,ˈɢɑe̯ɴ,V-VI,IMPF: to be (copula);PERF: to become,DAT: thing become;REG: quqqo;CF: *uqqo* 'existence'
ħa',ˈħæʔ,V-PP,IMPF: to have; PERF: to get,CF REG: *ħaqqe'* 'have > own'
ighe',ˈiɣɛʔ,V-PN,IMPF: to have; PERF: to get,CF REG: *ħaqqe'* 'have > own'
ħanjof,ˈħæɲ̊ɔf,V-VP,IMPF: to have; PERF: to get,CF REG: *ħaqqe'* 'have > own'
ħaonjh,ˈħæo̯ɲ̊,V-VI,IMPF: to have; PERF: to get,CF REG: *ħaqqe'* 'have > own'
ħaqqe',ˈħæɢɢɛʔ,V-PP,IMPF: to own / possess; PERF: to acquire,CF ORIG: *ħa'* 'to have'
igheqe,ˈiɣɛɢɛʔ,V-PN,IMPF: to own / possess; PERF: to acquire,CF ORIG: *ħa'* 'to have'
ħaqqonjof,ˈħæɢˌɢɔɲ̊ɔf,V-VP,IMPF: to own / possess; PERF: to acquire,CF ORIG: *ħa'* 'to have'
ħaqqoanjh,ˈħæɢˌɢɔæɲ̊,V-VI,IMPF: to own / possess; PERF: to acquire,CF ORIG: *ħa'* 'to have'
ljoña',ˈʎɔɴæʔ,V-PP,IMPF: to hold; PERF: to grab / grab onto,REG: uioña';CF semi-REG: *ioña'* 'hold > take'
qêljeaña',ˈɢeˌʎeɐ̯ɴæʔ,V-PN,IMPF: to hold; PERF: to grab / grab onto,REG: uioña';CF semi-REG: *ioña'* 'hold > take'
ljienjof,ˈʎie̯ɲ̊ɔf,V-VP,IMPF: to hold; PERF: to grab / grab onto,REG: uioña';CF semi-REG: *ioña'* 'hold > take'
ljiâenjh,ˈʎiɑe̯ɲ̊,V-VI,IMPF: to hold; PERF: to grab / grab onto,REG: uioña';CF semi-REG: *ioña'* 'hold > take'
âulqo,ˈɑʊ̯lɢɔ,V-PP,IMPF: to suit / fit / be used to;PERF: to fit / get used to,NOM suits/fits DAT (environment);ORIG: *become*;CF: *âulqo* 'become > future'
ienjaolqe,ˈie̯ˌɲæo̯lɢɛ,V-PN,IMPF: to suit / fit / be used to;PERF: to fit / get used to,NOM suits/fits DAT (environment);ORIG: *become*;CF: *âulqo* 'become > future'
âulqo,ˈɑʊ̯lɢɔ,V-VP,IMPF: to suit / fit / be used to;PERF: to fit / get used to,NOM suits/fits DAT (environment);ORIG: *become*;CF: *âulqo* 'become > future'
âulqâo,ˈɑʊ̯lˌɢʌɔ,V-VI,IMPF: to suit / fit / be used to;PERF: to fit / get used to,NOM suits/fits DAT (environment);ORIG: *become*;CF: *âulqo* 'become > future'
ñuo,ˈɴuo̯,V-PP,PERF: to do;IMPF: to work/do for work,sometimes used as a suffix for 'do X' verbs;CF: *a'muñ-ñuo* 'to work (repay) debt'
âeñqë,ˈɑe̯ɴɢɤ,V-PN,PERF: to do;IMPF: to work/do for work,sometimes used as a suffix for 'do X' verbs;CF: *a'muñ-ñuo* 'to work (repay) debt'
ñuo,ˈɴuo̯,V-VP,PERF: to do;IMPF: to work/do for work,sometimes used as a suffix for 'do X' verbs;CF: *a'muñ-ñuo* 'to work (repay) debt'
ñuoño,ˈɴuo̯ɴɔ,V-VI,PERF: to do;IMPF: to work/do for work,sometimes used as a suffix for 'do X' verbs;CF: *a'muñ-ñuo* 'to work (repay) debt'
arrhea,ær̥ˈr̥eɐ̯,N-I,status / state,CF ORIG: *xea* 'stand > exist';CF: *arrhai* 'stance'
arrhai,ær̥ˈr̥æi,N-I,stance / attitude,CF ORIG: *xea* 'stand > exist';CF: *arrhea* 'status'
uqqo,ˈuɢɢɔ,N-I,existence,ORIG: to be;CF: *qâe* 'to be'
ħakkeu,ˈħækkøʊ̯,N-I,possession,FROM: *ħaqqekkeu* '(thing) owned';FROM: *ħaqqe'* 'to own'
ħaqqe'enj,ˈħæɢɢɛʔɛɲ,N-H,owner,
âulgo,ˈɑʊ̯lgɔ,N-D,future,FROM: *âulqo* 'to become';CF: *xerke/xeagge* 'past/present'
xerke,ˈxɛr̥kɛ,N-D,past (time),FROM: *xea-ârh* 'there was';CF: *âulgo/xeagge* 'future/present'
xeagge,ˈxeɐ̯ggɛ,N-D,present (time),FROM: *xea* 'there is';CF: *âulgo/xerke* 'future/past'
qâe,ˈɢɑe̯,PHR,yes,"lit. 'being', used when no obvious verb to repeat"
jêño,ˈjeɴɔ,PHR,no,"lit. 'not being', used when no obvious verb to repeat"
mâerâ,ˈmɑe̯rʌ,V-PP,to come (common),CF REG: *mâenjârâ* 'to come (formal)'
âempâerâ,ˈɑe̯m̥ˌpɑe̯rʌ,V-PN,to come (common),CF REG: *mâenjârâ* 'to come (formal)'
mâer,ˈmɑe̯r,V-VP,to come (common),CF REG: *mâenjârâ* 'to come (formal)'
maorñe,ˈmæo̯rˌɴɛ,V-VI,to come (common),CF REG: *mâenjârâ* 'to come (formal)'
mâenjârâ,ˈmɑe̯ɲʌrʌ,V-PP,to come (formal),CF: *mâerâ* 'to come (common)'
âempâenjârâ,ˈɑe̯m̥ˌpɑe̯ɲʌrʌ,V-PN,to come (formal),CF: *mâerâ* 'to come (common)'
mâenjârâ,ˈmɑe̯ɲʌrʌ,V-VP,to come (formal),CF: *mâerâ* 'to come (common)'
maonjareañe,ˈmæo̯ɲæˌreɐ̯ɴɛ,V-VI,to come (formal),CF: *mâerâ* 'to come (common)'
uirâ,ˈuɪ̯rʌ,V-PP,to go (common),CF REG: *quljârâ* 'to go (formal)'
ujöre,ˈuˌjørɛ,V-PN,to go (common),CF REG: *quljârâ* 'to go (formal)'
uir,ˈuɪ̯r,V-VP,to go (common),CF REG: *quljârâ* 'to go (formal)'
uirñe,ˈuɪ̯rˌɴɛ,V-VI,to go (common),CF REG: *quljârâ* 'to go (formal)'
quljârâ,ˈɢuʎʌrʌ,V-PP,to go (formal),CF: *uirâ* 'to go (common)'
quźjöre,ˈɢuʑˌjørɛ,V-PN,to go (formal),CF: *uirâ* 'to go (common)'
quljârâ,ˈɢuʎʌrʌ,V-VP,to go (formal),CF: *uirâ* 'to go (common)'
quljâreañe,ˈɢuʎʌˌreɐ̯ɴɛ,V-VI,to go (formal),CF: *uirâ* 'to go (common)'
armä,ˈærma,V-PP,to depart / set off (common),CF REG: *yarrhaomea* 'to depart (formal)'
arramä,ˈærˌræma,V-PN,to depart / set off (common),CF REG: *yarrhaomea* 'to depart (formal)'
armä,ˈærma,V-VP,to depart / set off (common),CF REG: *yarrhaomea* 'to depart (formal)'
armäo,ˈærˌmaɔ,V-VI,to depart / set off (common),CF REG: *yarrhaomea* 'to depart (formal)'
yarrhaomea,ˈɟær̥ˌr̥æo̯meɐ̯,V-PP,to depart (formal),ORIG: to part;CF: *yarrhaomea* 'to depart (common)'
ya'rhaomea,ˈɟæʔˌr̥æo̯meɐ̯,V-PN,to depart (formal),ORIG: to part;CF: *yarrhaomea* 'to depart (common)'
yarrhaomea,ˈɟær̥ˌr̥æo̯meɐ̯,V-VP,to depart (formal),ORIG: to part;CF: *yarrhaomea* 'to depart (common)'
yarrhomâeo,ˈɟær̥r̥ɔˌmɑe̯ɔ,V-VI,to depart (formal),ORIG: to part;CF: *yarrhaomea* 'to depart (common)'
xarrhenj,ˈxær̥r̥ɛɲ,V-PP,to pass by,REG: arrharrhenj
nêrrenj,ˈnerrɛɲ,V-PN,to pass by,REG: arrharrhenj
xarrhenj,ˈxær̥r̥ɛɲ,V-VP,to pass by,REG: arrharrhenj
xarrheanje,ˈxær̥ˌr̥eɐ̯ɲɛ,V-VI,to pass by,REG: arrharrhenj
xaśanjh,ˈxæɕæɲ̊,V-PP,to arrive (common),CF REG: *arrhaśanjh* 'to arrive (formal)';CF: *kśanjh* 'can'
nearaśanjh,ˈneɐ̯ˌræɕæɲ̊,V-PN,to arrive (common),CF REG: *arrhaśanjh* 'to arrive (formal)';CF: *kśanjh* 'can'
xaśanjh,ˈxæɕæɲ̊,V-VP,to arrive (common),CF REG: *arrhaśanjh* 'to arrive (formal)';CF: *kśanjh* 'can'
xaśanje,ˈxæɕˌæɲ̊ɛ,V-VI,to arrive (common),CF REG: *arrhaśanjh* 'to arrive (formal)';CF: *kśanjh* 'can'
arrhaśanjh,ær̥ˈr̥æɕæɲ̊,V-PP,to arrive (formal),CF: *xaśanjh* 'to arrive (common)'
nearaśanjh,ˈneɐ̯ˌræɕæɲ̊,V-PN,to arrive (formal),CF: *xaśanjh* 'to arrive (common)'
arrhaśanjh,ær̥ˈr̥æɕæɲ̊,V-VP,to arrive (formal),CF: *xaśanjh* 'to arrive (common)'
arrhaśanje,ær̥ˈr̥æɕˌæɲ̊ɛ,V-VI,to arrive (formal),CF: *xaśanjh* 'to arrive (common)'
ioña',ˈiɔɴæʔ,V-PP,to grab / take,REG: uioña';CF ORIG: *ljoña'* 'to hold'
qêśśgheña',ˈɢeɕˌɕɣɛɴæʔ,V-PN,to grab / take,REG: uioña';CF ORIG: *ljoña'* 'to hold'
ioña',ˈiɔɴæʔ,V-VP,to grab / take,REG: uioña';CF ORIG: *ljoña'* 'to hold'
ljienjâeo,ˈʎie̯ˌɲɑe̯ɔ,V-VI,to grab / take,REG: uioña';CF ORIG: *ljoña'* 'to hold'
ljanji,ˈʎæɲ̊i,V-PP,to give,NOTE: PARTs merged with *ljanji* 'to like' and 'to take (formal)';CF semi-REG: *aljarni* 'give > give up'
nealjanji,ˈneɐ̯ˌʎæɲ̊i,V-PN,to give,NOTE: PARTs merged with *ljanji* 'to like' and 'to take (formal)';CF semi-REG: *aljarni* 'give > give up'
ljanji,ˈʎæɲ̊i,V-VP,to give,NOTE: PARTs merged with *ljanji* 'to like' and 'to take (formal)';CF semi-REG: *aljarni* 'give > give up'
ljanciñe,ˈʎæɲ̊ˌciɴɛ,V-VI,to give,NOTE: PARTs merged with *ljanji* 'to like' and 'to take (formal)';CF semi-REG: *aljarni* 'give > give up'
ljanji,ˈʎæɲ̊i,V-PP,to take (formal),NOTE: POS-PART merged with *ljanji* 'to like' and 'to give';CF: *ioña'* 'to take' (general)
qêśśanji,ˈɢeɕˌɕæɲ̊i,V-PN,to take (formal),NOTE: POS-PART merged with *ljanji* 'to like' and 'to give';CF: *ioña'* 'to take' (general)
ljanji,ˈʎæɲ̊i,V-VP,to take (formal),NOTE: POS-PART merged with *ljanji* 'to like' and 'to give';CF: *ioña'* 'to take' (general)
ljanjiñe,ˈʎæɲ̊ˌiɴɛ,V-VI,to take (formal),NOTE: POS-PART merged with *ljanji* 'to like' and 'to give';CF: *ioña'* 'to take' (general)
ienjaś,ˈie̯ɲæɕ,V-PP,to bring,
jêienjaś,ˈjeˌie̯ɲæɕ,V-PN,to bring,
ienjaś,ˈie̯ɲæɕ,V-VP,to bring,
ninjaśe,ˈniˌɲæɕɛ,V-VI,to bring,
quttunjh,ˈɢuttuɲ̊,V-PP,to put (down) / place,
jêddünjh,ˈjeddyɲ̊,V-PN,to put (down) / place,
quttunjh,ˈɢuttuɲ̊,V-VP,to put (down) / place,
quttunjo,ˈɢutˌtuɲ̊ɔ,V-VI,to put (down) / place,
arrhanjh,ær̥ˈr̥æɲ̊,V-PP,to travel;to stand,only travel by ground (never by sea);REG: arrhaanjh;ORIG: to walk + to stand;CF: *xea* 'stand > exist'; CF: *arrhea* 'status'
nêränjh,ˈneraɲ̊,V-PN,to travel;to stand,only travel by ground (never by sea);REG: arrhaanjh;ORIG: to walk + to stand;CF: *xea* 'stand > exist'; CF: *arrhea* 'status'
arrhancef,ær̥ˈr̥æɲ̊cɛf,V-VP,to travel;to stand,only travel by ground (never by sea);REG: arrhaanjh;ORIG: to walk + to stand;CF: *xea* 'stand > exist'; CF: *arrhea* 'status'
arrhanjh,ær̥ˈr̥æɲ̊,V-VI,to travel;to stand,only travel by ground (never by sea);REG: arrhaanjh;ORIG: to walk + to stand;CF: *xea* 'stand > exist'; CF: *arrhea* 'status'
arrhaonj,ær̥ˈr̥æɔɲ,V-PP,to walk,ORIG: to march;CF: *arrhanjh* 'walk > travel'
nêräonj,ˈneˌraɔɲ,V-PN,to walk,ORIG: to march;CF: *arrhanjh* 'walk > travel'
arrhanjef,ær̥ˈr̥æɲ̊ɛf,V-VP,to walk,ORIG: to march;CF: *arrhanjh* 'walk > travel'
arrhainjh,ær̥ˈr̥æɪ̯ɲ̊,V-VI,to walk,ORIG: to march;CF: *arrhanjh* 'walk > travel'
ljêra',ˈʎeræʔ,V-PP,to pull,
qêśśêra',ˈɢeɕˌɕeræʔ,V-PN,to pull,
ljêra',ˈʎeræʔ,V-VP,to pull,
ljearae,ˈʎeɐ̯ˌræɛ,V-VI,to pull,
ghaśśêra',ˈɣæɕˌɕeræʔ,V-PP,to push,
nearaonêra',ˈneɐ̯rˌæo̯neræʔ,V-PN,to push,
ghaśśêra',ˈɣæɕˌɕeræʔ,V-VP,to push,
ghaśśearhae,ˈɣæɕɕeɐ̯ˌr̥æɛ,V-VI,to push,
ququośśa,ˈɢuˌɢuo̯ɕɕæ,V-PP,to swim,REG: ququoźlja;ORIG: to march;CF: *arrhanjh* 'walk > travel'
quźëquośśa,ˈɢuʑɤˌɢuo̯ɕɕæ,V-PN,to swim,REG: ququoźlja;ORIG: to march;CF: *arrhanjh* 'walk > travel'
quñśancef,ˈɢuɴ̥ˌɕæɲ̊cɛf,V-VP,to swim,REG: ququoźlja;ORIG: to march;CF: *arrhanjh* 'walk > travel'
ququośśanjh,ˈɢuˌɢuo̯ɕɕæɲ̊,V-VI,to swim,REG: ququoźlja;ORIG: to march;CF: *arrhanjh* 'walk > travel'
quoźa,ˈɢuo̯ʑæ,V-PP,to travel by sea;to be in water,FROM: *ququośśa* 'swim'
ququoźa,ˈɢuˌɢuo̯ʑæ,V-PN,to travel by sea;to be in water,FROM: *ququośśa* 'swim'
quźancef,ˈɢuˌʑæɲ̊cɛf,V-VP,to travel by sea;to be in water,FROM: *ququośśa* 'swim'
quźanjh,ˈɢuˌʑæɲ̊,V-VI,to travel by sea;to be in water,FROM: *ququośśa* 'swim'
qumboñaś,ˈɢumˌbɔɴæɕ,V-PP,to fly,REG: qumbbvoñaś;CF: *qumboñanjh* 'migration > to migrate'
quźëbboñaś,ˈɢuʑɤbˌbɔɴæɕ,V-PN,to fly,REG: qumbbvoñaś;CF: *qumboñanjh* 'migration > to migrate'
qumbuħśancef,ˈɢumbuħˌɕæɲ̊cɛf,V-VP,to fly,REG: qumbbvoñaś;CF: *qumboñanjh* 'migration > to migrate'
qumboljanjh,ˈɢumˌbɔʎæɲ̊,V-VI,to fly,REG: qumbbvoñaś;CF: *qumboñanjh* 'migration > to migrate'
qumvoś,ˈɢumʋɔɕ,V,to float;to be in the sky,FROM: *qumbbvoñaś > qumboñaś* 'fly'
peffa,ˈpɛffæ,V-PP,to lie down,ORIG: to lie on one's side
jêmva,ˈjemʋæ,V-PN,to lie down,ORIG: to lie on one's side
pefnjef,ˈpɛfɲ̊ɛf,V-VP,to lie down,ORIG: to lie on one's side
pefanjh,ˈpɛfæɲ̊,V-VI,to lie down,ORIG: to lie on one's side
gheanjh,ˈɣɛæɲ̊,V-PP,to sit,
neargheanjh,ˈneɐ̯rˌɣɛæɲ̊,V-PN,to sit,
ghencef,ˈɣɛɲ̊cɛf,V-VP,to sit,
gheanjh,ˈɣɛæɲ̊,V-VI,to sit,
qumboñ,ˈɢumbɔɴ,V,to migrate,FROM: *qumboñanjh* 'migration'
yêre,ˈɟerɛ,V-PP,to follow,DAT: object;CF: *yêre (yearef)* 'follow > agree'
yiźêre,ˈɟiˌʑerɛ,V-PN,to follow,DAT: object;CF: *yêre (yearef)* 'follow > agree'
yearainjef,ˈɟeɐ̯ˌræɪ̯ɲɛf,V-VP,to follow,DAT: object;CF: *yêre (yearef)* 'follow > agree'
yearaianjh,ˈɟeɐ̯ˌræɪ̯æɲ̊,V-VI,to follow,DAT: object;CF: *yêre (yearef)* 'follow > agree'
ghärrhe,ˈɣar̥r̥ɛ,V-PP,to fall,CF: *ghäxxe* 'fall > fail'
nearghärrhe,ˈneɐ̯rˌɣar̥r̥ɛ,V-PN,to fall,CF: *ghäxxe* 'fall > fail'
ghärrhe,ˈɣar̥r̥ɛ,V-VP,to fall,CF: *ghäxxe* 'fall > fail'
ghärrheañe,ˈɣar̥ˌr̥eɐ̯ɴɛ,V-VI,to fall,CF: *ghäxxe* 'fall > fail'
camh,ˈcæm̥,V-PP,to remain / stay,CAUS = to make stay/hold in place;CF REG: *camħe* 'remain > inhabit'
jêcamh,ˈjecæm̥,V-PN,to remain / stay,CAUS = to make stay/hold in place;CF REG: *camħe* 'remain > inhabit'
caf,ˈcæf,V-VP,to remain / stay,CAUS = to make stay/hold in place;CF REG: *camħe* 'remain > inhabit'
camh,ˈcæm̥,V-VI,to remain / stay,CAUS = to make stay/hold in place;CF REG: *camħe* 'remain > inhabit'
ljanci,ˈʎæɲ̊ci,V-PP,to turn / change direction,
qêśśanci,ˈɢeɕˌɕæɲ̊ci,V-PN,to turn / change direction,
ljanci,ˈʎæɲ̊ci,V-VP,to turn / change direction,
ljancie,ˈʎæɲ̊ˌciɛ,V-VI,to turn / change direction,
iem,ˈie̯m,V-PP,to bend,
jêñêm,ˈjeɴem,V-PN,to bend,
iem,ˈie̯m,V-VP,to bend,
ieme,ˈie̯mɛ,V-VI,to bend,
färh,ˈfar̥,V-PP,to stop / finish,
eumärh,ˈøʊ̯mar̥,V-PN,to stop / finish,
färh,ˈfar̥,V-VP,to stop / finish,
färha,ˈfar̥æ,V-VI,to stop / finish,
qaoa,ˈɢæo̯æ,V-PP,to start / begin,
qaorhaoa,ˈɢæo̯ˌr̥æo̯æ,V-PN,to start / begin,
qaoa,ˈɢæo̯æ,V-VP,to start / begin,
qaoae,ˈɢæo̯ˌæɛ,V-VI,to start / begin,
ca'o,ˈcæʔɔ,V-PP,to climb,CF: *ca'êr* 'ladder'
jêddo,ˈjeddɔ,V-PN,to climb,CF: *ca'êr* 'ladder'
ca'o,ˈcæʔɔ,V-VP,to climb,CF: *ca'êr* 'ladder'
ca'aoñe,ˈcæʔˌæo̯ɴɛ,V-VI,to climb,CF: *ca'êr* 'ladder'
fiete',ˈfiˌɛtɛʔ,V-PP,to return / go back,CF: *etuomva* 'again';CF: *ete'* 'new'
eumêete',ˈøʊ̯meˌɛtɛʔ,V-PN,to return / go back,CF: *etuomva* 'again';CF: *ete'* 'new'
fiete',ˈfiˌɛtɛʔ,V-VP,to return / go back,CF: *etuomva* 'again';CF: *ete'* 'new'
fieñetoo,ˈfie̯ɴɛˌtɔɔ,V-VI,to return / go back,CF: *etuomva* 'again';CF: *ete'* 'new'
puo,ˈpuo̯,V-PP,IMPF: to be grown;PERF: to grow (up) (intrans),CAUS = to raise/rear
jêmê,ˈjeme,V-PN,IMPF: to be grown;PERF: to grow (up) (intrans),CAUS = to raise/rear
puoñof,ˈpuo̯ɴɔf,V-VP,IMPF: to be grown;PERF: to grow (up) (intrans),CAUS = to raise/rear
puoñ,ˈpuo̯ɴ,V-VI,IMPF: to be grown;PERF: to grow (up) (intrans),CAUS = to raise/rear
ujöre,ˈuˌjørɛ,V,to stay (common),FROM: 'to go (neg) (common)'
eumärh,ˈøʊ̯mar̥,V,to continue,FROM: 'to stop (neg)'
ca'o,ˈcæʔɔ,V,to increase,FROM: 'to climb'
jêddo,ˈjeddɔ,V,to decrease,FROM: 'to climb (neg)'
jêñêm,ˈjeɴem,V,to resist/not bend,FROM: 'to bend (neg)'
jêmva,ˈjemʋæ,V,to resist/remain standing,FROM: 'to lie down (neg)'
qêśśanci,ˈɢeɕˌɕæɲ̊ci,V,to go straight,FROM: 'to turn (neg)'
âeñqë,ˈɑe̯ɴɢɤ,V,to idle,FROM: 'to do/work (neg)'
arrhanjh,ær̥ˈr̥æɲ̊,ADJ,nomadic/roaming,FROM: 'to travel'
nêränjh,ˈneraɲ̊,ADJ,sedentary/settled,FROM: 'to travel (neg)'
quljârâ,ˈɢuʎʌrʌ,N-I,movement,FROM: *quljârâ* 'to go'
arrhanjh,ær̥ˈr̥æɲ̊,N-I,journey (by land),FROM: *arrhanjh* 'walk > travel by land'
quoźa,ˈɢuo̯ʑæ,N-I,voyage (by sea),FROM: *quoźa* 'swim > travel by sea'
qumboñanjh,ˈɢumˌbɔɴæɲ̊,N-A,journey (by air); migration,"literally of birds, but metaphorically of any animal;FROM: *qumboñaś* 'fly'"
ljin,ˈʎin,V-PP,to feel / touch,GEN = thing felt;DAT/ACC = thing touched;ORIG: to wipe;CF: *ljêrâe'* 'hand'
qêśśin,ˈɢeɕɕin,V-PN,to feel / touch,GEN = thing felt;DAT/ACC = thing touched;ORIG: to wipe;CF: *ljêrâe'* 'hand'
ljin,ˈʎin,V-VP,to feel / touch,GEN = thing felt;DAT/ACC = thing touched;ORIG: to wipe;CF: *ljêrâe'* 'hand'
ljienje,ˈʎie̯ɲɛ,V-VI,to feel / touch,GEN = thing felt;DAT/ACC = thing touched;ORIG: to wipe;CF: *ljêrâe'* 'hand'
yañrhê,ˈɟæɴ̥r̥e,V-PP,to hear,
yañqarrê,ˈɟæɴˌɢærre,V-PN,to hear,
yañqref,ˈɟæɴɢrɛf,V-VP,to hear,
yañqrênjh,ˈɟæɴɢreɲ̊,V-VI,to hear,
jêñgha',ˈjeɴɣæʔ,V-PP,to see,
jêxieñgha',ˈjeˌxie̯ɴɣæʔ,V-PN,to see,
jêñghaf,ˈjeɴɣæf,V-VP,to see,
jêñghanjh,ˈjeɴɣæɲ̊,V-VI,to see,
qâuga,ˈɢɑʊ̯gæ,V-PP,IMPF: to know; PERF: to find out,GEN = thing known
jêqâuga,ˈjeˌɢɑʊ̯gæ,V-PN,IMPF: to know; PERF: to find out,GEN = thing known
qâugancef,ˈɢɑʊ̯ˌgæɲ̊cɛf,V-VP,IMPF: to know; PERF: to find out,GEN = thing known
qâuganjh,ˈɢɑʊ̯gæɲ̊,V-VI,IMPF: to know; PERF: to find out,GEN = thing known
qâuga,ˈɢɑʊ̯gæ,V,IMPF: to be acquainted with;PERF: to acquaint / meet / visit,FROM: 'to find (out)'
qâuanjh,ˈɢɑʊ̯æɲ̊,V-PP,IMPF: to think / believe; PERF: to think (up / of),
jêqâuanjh,ˈjeˌɢɑʊ̯æɲ̊,V-PN,IMPF: to think / believe; PERF: to think (up / of),
qâunjof,ˈɢɑʊ̯ɲɔf,V-VP,IMPF: to think / believe; PERF: to think (up / of),
qâuanjh,ˈɢɑʊ̯æɲ̊,V-VI,IMPF: to think / believe; PERF: to think (up / of),
vaftce,ˈʋæftcɛ,V-PP,to smell,
ündvecce,ˈynˌdʋɛccɛ,V-PN,to smell,
vatfenjef,ˈʋætˌfɛɲ̊ɛf,V-VP,to smell,
vatfeenjh,ˈʋætˌfɛɛɲ̊,V-VI,to smell,
qâugoś,ˈɢɑʊ̯gɔɕ,V-PP,IMPF: to be aware of;PERF: to realise,GEN: object,
jêqâugoś,ˈjeˌɢɑʊ̯gɔɕ,V-PN,IMPF: to be aware of;PERF: to realise,GEN: object,
qâugoś,ˈɢɑʊ̯gɔɕ,V-VP,IMPF: to be aware of;PERF: to realise,GEN: object,
qâugeśe,ˈɢɑʊ̯ˌgɛɕɛ,V-VI,IMPF: to be aware of;PERF: to realise,GEN: object,
ârvo',ʌrˈʋɔʔ,V-PP,IMPF: to not know;PERF: to ignore,not know (have never known)
nearve',ˈneɐ̯rʋɛʔ,V-PN,IMPF: to not know;PERF: to ignore,not know (have never known)
ârvonjof,ʌrˈʋɔɲ̊ɔf,V-VP,IMPF: to not know;PERF: to ignore,not know (have never known)
ârvoanjh,ʌrˈʋɔæɲ̊,V-VI,IMPF: to not know;PERF: to ignore,not know (have never known)
ârmâenj,ʌrˈmɑe̯ɲ,V-PP,IMPF: to not know;PERF: to forget,not know (have forgotten something once known)
nearmonj,ˈneɐ̯rmɔɲ,V-PN,IMPF: to not know;PERF: to forget,not know (have forgotten something once known)
ârmâenjof,ʌrˈmɑe̯ɲɔf,V-VP,IMPF: to not know;PERF: to forget,not know (have forgotten something once known)
armaoanjh,ærˈmæo̯æɲ̊,V-VI,IMPF: to not know;PERF: to forget,not know (have forgotten something once known)
vaoñga,ˈʋæo̯ɴgæ,V-PP,IMPF: to know;PERF: to remember,
qêħħaoñga,ˈɢeħˌħæo̯ɴgæ,V-PN,IMPF: to know;PERF: to remember,
vaoñgancef,ˈʋæo̯ɴˌgæɲ̊cɛf,V-VP,IMPF: to know;PERF: to remember,
vaoñganjh,ˈʋæo̯ɴgæɲ̊,V-VI,IMPF: to know;PERF: to remember,
yañrhê,ˈɟæɴ̥r̥e,N-I,hearing,FROM: *yañrhê* 'to hear'
pamfianjh,ˈpæm̥ˌfiæɲ̊,N-A,sound,
jêñgha',ˈjeɴɣæʔ,N-I,sight (sense of),FROM: *jêñgha* 'to see'
vaftce,ˈʋæftcɛ,N-I,smell (sense of),FROM: *vaftce* 'to smell'
ħanśanjh,ˈħæn̥ɕæɲ̊,N-A,smell / odour,CF REG: *ħanħaśxanjh* 'smoke'
qumvośenjh,ˈɢumʋɔɕɛɲ̊,N-A,whiff,also used metaphorically for 'small taste/sample';FROM: *qumvoś* 'to float'
qâugge,ˈɢɑʊ̯ggɛ,N-D,knowledge,FROM: *qâuga* 'to know'
qâuañge,ˈɢɑʊ̯ˌæɴgɛ,N-D,thinking / thought,FROM: *qâuanjh* 'to think'
qâuñkögge,ˈɢɑʊ̯ɴ̥ˌkøgɛ,N-D,thought,FROM: *qâuanjh* 'to think'
vaaś,ˈʋææɕ,V-PP,IMPF: to want / mean;PERF: to ask/request,ACC: thing asked;GEN: thing wanted/requested;DAT: target of want/request;ORIG: to say;CF: *qaoimh* 'to not want'
ünyaaś,ˈyɲˌɟææɕ,V-PN,IMPF: to want / mean;PERF: to ask/request,ACC: thing asked;GEN: thing wanted/requested;DAT: target of want/request;ORIG: to say;CF: *qaoimh* 'to not want'
vanjef,ˈʋæɲ̊ɛf,V-VP,IMPF: to want / mean;PERF: to ask/request,ACC: thing asked;GEN: thing wanted/requested;DAT: target of want/request;ORIG: to say;CF: *qaoimh* 'to not want'
vaanjh,ˈʋææɲ̊,V-VI,IMPF: to want / mean;PERF: to ask/request,ACC: thing asked;GEN: thing wanted/requested;DAT: target of want/request;ORIG: to say;CF: *qaoimh* 'to not want'
qaoimh,ˈɢæo̯im̥,V-PP,IMPF: to not want;PERF: to request to not,GEN: thing wanted/requested;DAT: target of want/request;CF ORIG: *qaoi'ħêmh* 'to fear'; CF: *vaaś* 'to want'
jêñaoimh,ˈjeˌɴæo̯im̥,V-PN,IMPF: to not want;PERF: to request to not,GEN: thing wanted/requested;DAT: target of want/request;CF ORIG: *qaoi'ħêmh* 'to fear'; CF: *vaaś* 'to want'
qaoinjef,ˈɢæo̯ˌiɲ̊ɛf,V-VP,IMPF: to not want;PERF: to request to not,GEN: thing wanted/requested;DAT: target of want/request;CF ORIG: *qaoi'ħêmh* 'to fear'; CF: *vaaś* 'to want'
qaoinjh,ˈɢæo̯iɲ̊,V-VI,IMPF: to not want;PERF: to request to not,GEN: thing wanted/requested;DAT: target of want/request;CF ORIG: *qaoi'ħêmh* 'to fear'; CF: *vaaś* 'to want'
qaoi'ħêmh,ˈɢæo̯ˌiʔħem̥,V-PP,IMPF: to fear;PERF: to become afraid,GEN: thing feared;CF: *qaoimh* 'to not want'
jêñoi'ħêmh,ˈjeɴɔˌiʔħem̥,V-PN,IMPF: to fear;PERF: to become afraid,GEN: thing feared;CF: *qaoimh* 'to not want'
qaoi'ħêncef,ˈɢæo̯iʔˌħeɲ̊cɛf,V-VP,IMPF: to fear;PERF: to become afraid,GEN: thing feared;CF: *qaoimh* 'to not want'
qaoi'ħêñanjh,ˈɢæo̯iʔˌħeɴ̥æɲ̊,V-VI,IMPF: to fear;PERF: to become afraid,GEN: thing feared;CF: *qaoimh* 'to not want'
ljanji,ˈʎæɲ̊i,V-PP,IMPF: to like / prefer;PERF: to choose,DAT: thing liked; ACC: thing chosen;NOTE: PARTs merged with *ljanji* 'to give' and 'to take' (formal);CF semi-REG: *qaoimh* 'to love/adore'
nealjanji,ˈneɐ̯ˌʎæɲ̊i,V-PN,IMPF: to like / prefer;PERF: to choose,DAT: thing liked; ACC: thing chosen;NOTE: PARTs merged with *ljanji* 'to give' and 'to take' (formal);CF semi-REG: *qaoimh* 'to love/adore'
ljanjienjef,ˈʎæˌɲ̊ie̯ɲɛf,V-VP,IMPF: to like / prefer;PERF: to choose,DAT: thing liked; ACC: thing chosen;NOTE: PARTs merged with *ljanji* 'to give' and 'to take' (formal);CF semi-REG: *qaoimh* 'to love/adore'
ljanjin,ˈʎæɲ̊in,V-VI,IMPF: to like / prefer;PERF: to choose,DAT: thing liked; ACC: thing chosen;NOTE: PARTs merged with *ljanji* 'to give' and 'to take' (formal);CF semi-REG: *qaoimh* 'to love/adore'
ghaljanji,ˈɣæʎæɲ̊i,V-PP,IMPF: to love/adore;PERF: to show love,DAT: object;REG: arraljanji;CF: *ljanji* 'love>like'
nealjanji,ˈneɐ̯ˌʎæɲ̊i,V-PN,IMPF: to love/adore;PERF: to show love,DAT: object;REG: arraljanji;CF: *ljanji* 'love>like'
ghaljanjienjef,ˈɣæʎæɲ̊ˌie̯ɲɛf,V-VP,IMPF: to love/adore;PERF: to show love,DAT: object;REG: arraljanji;CF: *ljanji* 'love>like'
ghaljanjin,ˈɣæʎæɲ̊in,V-VI,IMPF: to love/adore;PERF: to show love,DAT: object;REG: arraljanji;CF: *ljanji* 'love>like'
yetfo,ˈɟɛtfɔ,V-PP,IMPF: to be sure of;PERF: to ensure,DAT: thing sure of; ACC: thing ensured;CF REG: *yeccüa'fo* 'boast'
yexetfo,ˈɟɛˌxɛtfɔ,V-PN,IMPF: to be sure of;PERF: to ensure,DAT: thing sure of; ACC: thing ensured;CF REG: *yeccüa'fo* 'boast'
yetfaoñef,ˈɟɛˌtfæo̯ɴɛf,V-VP,IMPF: to be sure of;PERF: to ensure,DAT: thing sure of; ACC: thing ensured;CF REG: *yeccüa'fo* 'boast'
yetfoñ,ˈɟɛtfɔɴ,V-VI,IMPF: to be sure of;PERF: to ensure,DAT: thing sure of; ACC: thing ensured;CF REG: *yeccüa'fo* 'boast'
yeccüa'fo,ˈɟɛccyˌæʔfɔ,V-PP,IMPF: to be confident;PERF: to boast,CF: *yetfo* 'be sure'
yexecüa'fo,ˈɟɛxɛcyˌæʔfɔ,V-PN,IMPF: to be confident;PERF: to boast,CF: *yetfo* 'be sure'
yeccüa'faoñef,ˈɟɛccyæʔˌfæo̯ɴɛf,V-VP,IMPF: to be confident;PERF: to boast,CF: *yetfo* 'be sure'
yeccüa'foñ,ˈɟɛccyˌæʔfɔɴ,V-VI,IMPF: to be confident;PERF: to boast,CF: *yetfo* 'be sure'
ghänjh,ˈɣaɲ̊,V-PP,to expect / hope / anticipate,DAT: object;CF REG: *ghärrhänjh* 'to wait'
nearghänjh,ˈneɐ̯rɣaɲ̊,V-PN,to expect / hope / anticipate,DAT: object;CF REG: *ghärrhänjh* 'to wait'
ghänjef,ˈɣaɲ̊ɛf,V-VP,to expect / hope / anticipate,DAT: object;CF REG: *ghärrhänjh* 'to wait'
ghänjh,ˈɣaɲ̊,V-VI,to expect / hope / anticipate,DAT: object;CF REG: *ghärrhänjh* 'to wait'
kśanjh,ˈkɕæɲ̊,V,IMPF: to be able to / can;PERF: to succeed (at) / achieve / manage to,DAT: ability/outcome;FROM: *xaśanjh* 'to arrive (common)';can also use serial verb CAN + X
ghäxxe,ˈɣaxxɛ,V-PP,IMPF: to be unable to do;PERF: to fail,DAT: thing unable;ACC: thing failed;CF REG: *ghärrhe* 'to fall'
nearghäxe,ˈneɐ̯rˌɣaxxɛ,V-PN,IMPF: to be unable to do;PERF: to fail,DAT: thing unable;ACC: thing failed;CF REG: *ghärrhe* 'to fall'
ghäñqef,ˈɣaɴɢɛf,V-VP,IMPF: to be unable to do;PERF: to fail,DAT: thing unable;ACC: thing failed;CF REG: *ghärrhe* 'to fall'
ghäxxänjh,ˈɣaxˌxaɲ̊,V-VI,IMPF: to be unable to do;PERF: to fail,DAT: thing unable;ACC: thing failed;CF REG: *ghärrhe* 'to fall'
ghärrhänjh,ˈɣar̥r̥aɲ̊,V-PP,to wait,DAT: thing waited for;CF: *ghänjh* 'wait > expect'
nearghärrhänjh,ˈneɐ̯rˌɣar̥r̥aɲ̊,V-PN,to wait,DAT: thing waited for;CF: *ghänjh* 'wait > expect'
ghärrhanjef,ˈɣar̥ˌr̥æɲ̊ɛf,V-VP,to wait,DAT: thing waited for;CF: *ghänjh* 'wait > expect'
ghärrhänjh,ˈɣar̥r̥aɲ̊,V-VI,to wait,DAT: thing waited for;CF: *ghänjh* 'wait > expect'
sħoñuo,ˈsħɔɴuo̯,V-PP,IMPF: to believe;PERF: to come to believe,
niźgheñei,ˈniʑˌɣɛɴei̯,V-PN,IMPF: to believe;PERF: to come to believe,
sħienjeannjef,ˈsħie̯ˌɲeɐ̯ɲɲɛf,V-VP,IMPF: to believe;PERF: to come to believe,
sħienjeañanjh,ˈsħie̯ˌɲeɐ̯ɴæɲ̊,V-VI,IMPF: to believe;PERF: to come to believe,
vaaś,ˈʋææɕ,N-I,request / want,FROM: *vaaś* 'say > request/want'
ljañkeu,ˈʎæɴ̥køʊ̯,N-I,like / preference,FROM: *ljanjikeu* 'thing preferred'
ghaljanj,ˈɣæʎæɲ,N-H,love,FROM: *ghaljanji* 'to love'
ghäñkou,ˈɣaɴ̥kou̯,N-I,expectation / hope,FROM: *ghänjh-kou* 'thing expected'
kśañkeu,ˈkɕæɴ̥køʊ̯,N-I,good outcome / achievement,FROM: *kśanjh-keu* 'thing achieved'
rhe,ˈr̥ɛ,NUM,one,
quonj,ˈɢuo̯ɲ,NUM,two,
oum,ˈou̯m,NUM,three,
se'üś,ˈsɛʔyɕ,NUM,four,
ljêr,ˈʎer,NUM,five,CF: *ljêrâe'* 'hand'
źü,ˈʑy,NUM,six,
zui,ˈzuɪ̯,NUM,seven,
erear,ɛˈreɐ̯r,NUM,eight,
oruolj,ɔˈruo̯ʎ,NUM,nine,
ljêrqênj,ˈʎerɢeɲ,NUM,ten,FROM: *ljêr-qênj* 'hand.dual'
ljêrayex,ˈʎeræɟɛx,NUM,twenty,
neuljinj,ˈnøʊ̯ʎiɲ,NUM,thirty,
se'uźljënj,ˈsɛʔˌuʑʎɤɲ,NUM,forty,
ljêraljinj,ˈʎeræʎiɲ,NUM,fifty,
vae,ˈʋæɛ,ADJ,first;foremost,CF: *vaoñanjh* 'head'
yêrra,ˈɟerræ,ADJ,second,CF: *yêre* 'follow'
âumo,ˈɑʊ̯mɔ,ADJ,third,FROM: *oum-o* 'three-ish'
se'uźo,ˈsɛʔˌuʑɔ,ADJ,fourth,FROM: *se'üś-o* 'four-ish'
ljêra,ˈʎeræ,ADJ,fifth,FROM: *ljêr-o* 'five-ish'
iseu,ˈisøʊ̯,ADJ,sixth,FROM: *i-źü* 'of-six'
isei,ˈisei̯,ADJ,seventh,FROM: *i-zui* 'of-seven'
earer,ˈeɐ̯rɛr,ADJ,eighth,FROM: *i-erear* 'of-eight'
eareu,ˈeɐ̯røʊ̯,ADJ,ninth,FROM: *i-oruolj* 'of-nine'
irhêrqênj,ˈiˌr̥erɢeɲ,ADJ,tenth,FROM: *i-ljêrqênj* 'of-ten'
ħuomënj',ˈħuo̯mɤɲʔ,V-PP,to count / measure,
ienjaominj',ˈie̯ˌɲæo̯miɲʔ,V-PN,to count / measure,
ħuomënj',ˈħuo̯mɤɲʔ,V-VP,to count / measure,
ħuomince,ˈħuo̯ˌmiɲ̊cɛ,V-VI,to count / measure,
quttśo,ˈɢucc͡ɕɔ,V-PP,to drink,
qu'fittśe,ˈɢuʔˌficc͡ɕɛ,V-PN,to drink,
quttśo,ˈɢucc͡ɕɔ,V-VP,to drink,
quttśee,ˈɢucˌc͡ɕɛɛ,V-VI,to drink,
qompëñ,ˈɢɔm̥pɤɴ,V-PP,to eat,
qoxfmëñ,ˈɢɔxfmɤɴ,V-PN,to eat,
qompëñ,ˈɢɔm̥pɤɴ,V-VP,to eat,
qompuo,ˈɢɔm̥ˌpuɔ,V-VI,to eat,
quñonj,ˈɢuɴɔɲ,V-PP,to bite,
quźjiñonj,ˈɢuʑˌjiɴɔɲ,V-PN,to bite,
quñonj,ˈɢuɴɔɲ,V-VP,to bite,
quomâenjo,ˈɢuo̯ˌmɑe̯ɲɔ,V-VI,to bite,
vaħħoñ,ˈʋæħħɔɴ,V-PP,to say / tell / talk (about),ACC: words;DAT or LOC-PRN: listener;GEN: topic of talking;ORIG: to ask
ümoñ,ˈymɔɴ,V-PN,to say / tell / talk (about),ACC: words;DAT or LOC-PRN: listener;GEN: topic of talking;ORIG: to ask
vaħħoñ,ˈʋæħħɔɴ,V-VP,to say / tell / talk (about),ACC: words;DAT or LOC-PRN: listener;GEN: topic of talking;ORIG: to ask
vaħħaoe,ˈʋæħˌħæo̯ɛ,V-VI,to say / tell / talk (about),ACC: words;DAT or LOC-PRN: listener;GEN: topic of talking;ORIG: to ask
qomë,ˈɢɔmɤ,V-PP,IMPF: to live;PERF: to survive,PART-NEG is equivalent to 'to be dead';REG: qghomë;CF: *yi'ħêmpê* 'to die';PF-HAB = to endure/stand (GEN object)
yi'ħempê,ˈɟiʔˌħɛm̥pe,V-PN,IMPF: to live;PERF: to survive,PART-NEG is equivalent to 'to be dead';REG: qghomë;CF: *yi'ħêmpê* 'to die';PF-HAB = to endure/stand (GEN object)
qemieñef,ˈɢɛˌmie̯ɴɛf,V-VP,IMPF: to live;PERF: to survive,PART-NEG is equivalent to 'to be dead';REG: qghomë;CF: *yi'ħêmpê* 'to die';PF-HAB = to endure/stand (GEN object)
qomëñ,ˈɢɔmɤɴ,V-VI,IMPF: to live;PERF: to survive,PART-NEG is equivalent to 'to be dead';REG: qghomë;CF: *yi'ħêmpê* 'to die';PF-HAB = to endure/stand (GEN object)
vatfanjh,ˈʋætfæɲ̊,V-PP,IMPF: to be alive;PERF: to come to life,ORIG: to breathe
ündvanjh,ˈyndʋæɲ̊,V-PN,IMPF: to be alive;PERF: to come to life,ORIG: to breathe
vatfñef,ˈʋætfɴ̥ɛf,V-VP,IMPF: to be alive;PERF: to come to life,ORIG: to breathe
vatfañh,ˈʋætfæɴ̥,V-VI,IMPF: to be alive;PERF: to come to life,ORIG: to breathe
yi'ħêmpê,ˈɟiʔˌħem̥pe,V-PP,IMPF: to be dead;PERF: to die,CF: *qjomë* 'to live'
yicceghemê,ˈɟicˌcɛɣɛme,V-PN,IMPF: to be dead;PERF: to die,CF: *qjomë* 'to live'
yi'ħêmbieñef,ˈɟiʔħemˌbie̯ɴɛf,V-VP,IMPF: to be dead;PERF: to die,CF: *qjomë* 'to live'
yi'ħêmpêñ,ˈɟiʔˌħem̥peɴ,V-VI,IMPF: to be dead;PERF: to die,CF: *qjomë* 'to live'
peffi'ħê,ˈpɛfˌfiʔħe,V-PP,IMPF: to sleep;PERF: to go to sleep,
jêmvi'ħê,ˈjemˌʋiʔħe,V-PN,IMPF: to sleep;PERF: to go to sleep,
peffi'ħeiñef,ˈpɛffiʔˌħei̯ɴɛf,V-VP,IMPF: to sleep;PERF: to go to sleep,
peffi'ħêñ,ˈpɛfˌfiʔħeɴ,V-VI,IMPF: to sleep;PERF: to go to sleep,
uonjë',ˈuo̯ɲɤʔ,V-PP,to cut,
quħħuonjë',ˈɢuħˌħuo̯ɲɤʔ,V-PN,to cut,
uonjë',ˈuo̯ɲɤʔ,V-VP,to cut,
uocie,ˈuo̯ˌciɛ,V-VI,to cut,
maonyi,ˈmæo̯ɲɟi,V-PP,to throw,REG: maonylji
âempâenyë,ˈɑe̯m̥ˌpɑe̯ɲɟɤ,V-PN,to throw,REG: maonylji
maonyi,ˈmæo̯ɲɟi,V-VP,to throw,REG: maonylji
maonyiñe,ˈmæo̯ɲˌɟiɴɛ,V-VI,to throw,REG: maonylji
vatfenjh,ˈʋætfɛɲ̊,V-PP,to blow,subject as winds (or nil subject) or people,
ündvenjh,ˈyndʋɛɲ̊,V-PN,to blow,subject as winds (or nil subject) or people,
vaftnjef,ˈʋæftɲ̊ɛf,V-VP,to blow,subject as winds (or nil subject) or people,
vaftenjh,ˈʋæftɛɲ̊,V-VI,to blow,subject as winds (or nil subject) or people,
qunljar,ˈɢuɲʎær,V-PP,IMPF: to be in conflict;PERF: to fight,physical and metaphorical fighting,
quźjinljar,ˈɢuʑˌjiɲʎær,V-PN,IMPF: to be in conflict;PERF: to fight,physical and metaphorical fighting,
qunyiśnjef,ˈɢuɲˌɟiɕɲ̊ɛf,V-VP,IMPF: to be in conflict;PERF: to fight,physical and metaphorical fighting,
qunyiśanjh,ˈɢuɲˌɟiɕæɲ̊,V-VI,IMPF: to be in conflict;PERF: to fight,physical and metaphorical fighting,
ljomë,ˈʎɔmɤ,V-PP,to create / make,CF REG ORIG: *uiomë* 'give birth'
quljâmpë,ˈɢuˌʎʌm̥pɤ,V-PN,to create / make,CF REG ORIG: *uiomë* 'give birth'
ljomieñef,ˈʎɔˌmie̯ɴɛf,V-VP,to create / make,CF REG ORIG: *uiomë* 'give birth'
ljomëñ,ˈʎɔmɤɴ,V-VI,to create / make,CF REG ORIG: *uiomë* 'give birth'
tuolja,ˈtuo̯ʎæ,V-PP,IMPF: to be different;PERF: to change (intrans),CAUS = to change (transitive),
jêtuolja,ˈjeˌtuo̯ʎæ,V-PN,IMPF: to be different;PERF: to change (intrans),CAUS = to change (transitive),
tuolja,ˈtuo̯ʎæ,V-VP,IMPF: to be different;PERF: to change (intrans),CAUS = to change (transitive),
tuoljo,ˈtuo̯ʎɔ,V-VI,IMPF: to be different;PERF: to change (intrans),CAUS = to change (transitive),
ljienjunco,ˈʎie̯ˌɲuɲ̊cɔ,V-PP,to make / force,to make/force someone (ACC) to do something (DAT),
quśśiunco,ˈɢuɕɕiˌuɲ̊cɔ,V-PN,to make / force,to make/force someone (ACC) to do something (DAT),
ljienjunco,ˈʎie̯ˌɲuɲ̊cɔ,V-VP,to make / force,to make/force someone (ACC) to do something (DAT),
ljienjüncaoñe,ˈʎie̯ɲyɲ̊ˌcæo̯ɴɛ,V-VI,to make / force,to make/force someone (ACC) to do something (DAT),
vônvë,ˈʋonʋɤ,V-PP,to split / separate / take away,
vôxfienvê,ˈʋoxˌfie̯nʋe,V-PN,to split / separate / take away,
vônvë,ˈʋonʋɤ,V-VP,to split / separate / take away,
vônuoño,ˈʋonˌuo̯ɴɔ,V-VI,to split / separate / take away,
qunduomoa,ˈɢunˌduo̯moɐ̯,V-PP,to join / attach / add,
quźjëtuomoa,ˈɢuʑjɤˌtuo̯moɐ̯,V-PN,to join / attach / add,
qunduomoa,ˈɢunˌduo̯moɐ̯,V-VP,to join / attach / add,
qunumâeo,ˈɢunuˌmɑe̯ɔ,V-VI,to join / attach / add,
ghâeñ,ˈɣɑe̯ɴ,V-PP,to prevent / hinder / deter,
nearghoñ,ˈneɐ̯rɣɔɴ,V-PN,to prevent / hinder / deter,
ghâeñ,ˈɣɑe̯ɴ,V-VP,to prevent / hinder / deter,
ghâeño,ˈɣɑe̯ɴɔ,V-VI,to prevent / hinder / deter,
yêrämh,ˈɟeram̥,V-PP,to help,
yiźêrämh,ˈɟiˌʑeram̥,V-PN,to help,
yêrämh,ˈɟeram̥,V-VP,to help,
yearäme,ˈɟeɐ̯ˌram̥ɛ,V-VI,to help,
vônluum,ˈʋonˌluum,V-PP,to break (something),PASV = to break (intrans),
vôxfëtśuum,ˈʋoxfɤˌc͡ɕuum,V-PN,to break (something),PASV = to break (intrans),
vônluum,ˈʋonˌluum,V-VP,to break (something),PASV = to break (intrans),
vônluienje,ˈʋonluˌie̯ɲɛ,V-VI,to break (something),PASV = to break (intrans),
metlü,ˈmɛtly,V-PP,to press / compress,
âemtlu,ˈɑe̯m̥tlu,V-PN,to press / compress,
metlü,ˈmɛtly,V-VP,to press / compress,
metluo,ˈmɛtˌluɔ,V-VI,to press / compress,
tśarh,ˈc͡ɕær̥,V-PP,to find,
jêmljarh,ˈjemʎær̥,V-PN,to find,
tśarh,ˈc͡ɕær̥,V-VP,to find,
tśarhe,ˈc͡ɕær̥ɛ,V-VI,to find,
źmoar,ˈʑmoɐ̯r,V-PP,to rest,
niźmör,ˈniʑmør,V-PN,to rest,
źmoar,ˈʑmoɐ̯r,V-VP,to rest,
źmoarâ,ˈʑmoɐ̯rʌ,V-VI,to rest,
xek,ˈxɛk,V-PP,to damage,
nighek,ˈniɣɛk,V-PN,to damage,
xek,ˈxɛk,V-VP,to damage,
xeke,ˈxɛkɛ,V-VI,to damage,
kuinjë,ˈkuɪ̯ɲɤ,V-PP,to protect / guard,
jêkuinjë,ˈjeˌkuɪ̯ɲɤ,V-PN,to protect / guard,
kuinjë,ˈkuɪ̯ɲɤ,V-VP,to protect / guard,
kuinjo,ˈkuɪ̯ɲɔ,V-VI,to protect / guard,
faorva,ˈfæo̯rʋæ,V-PP,to shake,
jêñvaorva,ˈjeɴˌʋæo̯rʋæ,V-PN,to shake,
faorva,ˈfæo̯rʋæ,V-VP,to shake,
faorvae,ˈfæo̯rˌʋæɛ,V-VI,to shake,
gharke,ˈɣær̥kɛ,N-D,life,FROM: *ghar* 'alive'
kusko,ˈkuskɔ,N-D,plentitude / abundance,merged form w/ *kusko* 'summer';CF: *kuppa* 'many'
vifke,ˈʋifkɛ,N-D,victory,
mi'ürhikke,ˈmiʔyˌr̥ikkɛ,N-D,power,
ârrârhmiegge,ʌrˈrʌr̥ˌm̥ie̯ggɛ,N-D,freedom,
miakke,ˈmiˌækkɛ,N-D,wisdom,
rhe'ikke,ˈr̥ɛʔˌikkɛ,N-D,completion / wholeness,FROM: *rhe* 'one'
qunumâekko,ˈɢunuˌmɑe̯kkɔ,N-D,unity / joinedness,FROM: *qunduomoa* 'to join'
yiźmärh,ˈɟiʑmar̥,N-I,idea;ideal,
ârrhâmpax,ʌr̥ˈr̥ʌm̥pæx,N-I,progress,
vaħrha,ˈʋæħr̥æ,N-I,mistake;flaw,
fiebbre,ˈfie̯bbrɛ,N-I,all / total,
aoanjh,ˈæo̯æɲ̊,N-A,start,
färrhänjh,ˈfar̥r̥aɲ̊,N-A,end,
ljighmanjh,ˈʎiɣmæɲ̊,N-A,shadow,FROM: *ljixxamh* 'back'
yasrhuoljanjh,ˈɟæsˌr̥uo̯ʎæɲ̊,N-A,reflection / image
suncamh,ˈsuɲ̊cæm̥,N-I,other / other one
sunjmonjh,ˈsuɲ̊m̥ɔɲ̊,N-A,other / other one
sunjmonj,ˈsuɲ̊m̥ɔɲ,N-H,other / other one
sunjke,ˈsuɲ̊kɛ,N-D,other / other one
ten,ˈtɛn,N-I,same / self / same one
tenh,ˈtɛn̥,N-A,same / self / same one
ten,ˈtɛn,N-H,same / self / same one
tenge,ˈtɛngɛ,N-D,same / self / same one
xekke',ˈxɛkkɛʔ,N-I,damage,CF *xek* 'to damage'
ee',ˈɛɛʔ,N-I,danger,
oar,ˈoɐ̯r,N-I,red,
oaro,ˈoɐ̯rɔ,ADJ,red,
arräqqe,ærˈraɢɢɛ,N-I,black,
arräqqêe,ærˈraɢˌɢeɛ,ADJ,black,
paomva,ˈpæo̯mʋæ,N-I,white,
paomvaie,ˈpæo̯mˌʋæɪ̯ɛ,ADJ,white,
vaś,ˈʋæɕ,N-I,blue,CF: *vanśke* 'sky'
vaśe,ˈʋæɕɛ,ADJ,blue,CF: *vanśke* 'sky'
tfaolj,ˈtfæo̯ʎ,N-I,green-yellow,CF: *tfaśśa* 'tree'
tfaolje,ˈtfæo̯ʎɛ,ADJ,green-yellow,CF: *tfaśśa* 'tree'
qâuo,ˈɢɑʊ̯ɔ,ADV,recently;near,
iemüħ,ˈie̯myħ,ADV,far,REG: erriemüħ
âur,ˈɑʊ̯r,ADV,right,
ceimbi,ˈcei̯mbi,ADV,left,REG: yiħħeimbi
xam,ˈxæm,ADV,up,CF REG: *ârrhâem* 'high'
pur,ˈpur,ADV,down,CF: *pur* 'low'
feŕe,ˈfɛɹɛ,ADV,together,FROM: *feś-rhe* 'as-one'
uruzqâu,ˈuruzɢɑʊ̯,V-PP,to darken (trans),CF: *uruź* 'dark'
nüruzqâu,ˈnyˌruzɢɑʊ̯,V-PN,to darken (trans),CF: *uruź* 'dark'
uruzqâu,ˈuruzɢɑʊ̯,V-VP,to darken (trans),CF: *uruź* 'dark'
uruzqâuo,ˈuruzˌɢɑʊ̯ɔ,V-VI,to darken (trans),CF: *uruź* 'dark'
âumuzqâu,ɑʊ̯ˈmuzɢɑʊ̯,V-PP,to slow (trans),MERGED: 'to soften' (but not neg);CF: *âumuź* 'slow'
nealuzqâu,ˈneɐ̯ˌluzɢɑʊ̯,V-PN,to slow (trans),MERGED: 'to soften' (but not neg);CF: *âumuź* 'slow'
âumuzqâu,ɑʊ̯ˈmuzɢɑʊ̯,V-VP,to slow (trans),MERGED: 'to soften' (but not neg);CF: *âumuź* 'slow'
âumuzqâuo,ɑʊ̯ˈmuzˌɢɑʊ̯ɔ,V-VI,to slow (trans),MERGED: 'to soften' (but not neg);CF: *âumuź* 'slow'
âumuzqâu,ɑʊ̯ˈmuzɢɑʊ̯,V-PP,to soften (trans),soften feel/volume;MERGED: 'to slow' (but not neg);CF: *âumuź* 'soft'
eamñuzqâu,ˈeɐ̯ˌmɴuzɢɑʊ̯,V-PN,to soften (trans),soften feel/volume;MERGED: 'to slow' (but not neg);CF: *âumuź* 'soft'
âumuzqâu,ɑʊ̯ˈmuzɢɑʊ̯,V-VP,to soften (trans),soften feel/volume;MERGED: 'to slow' (but not neg);CF: *âumuź* 'soft'
âumuzqâuo,ɑʊ̯ˈmuzˌɢɑʊ̯ɔ,V-VI,to soften (trans),soften feel/volume;MERGED: 'to slow' (but not neg);CF: *âumuź* 'soft'
nealuzqâu,ˈneɐ̯ˌluzɢɑʊ̯,V,to not slow (common) (neg = to slow)
eamñuzqâu,ˈeɐ̯ˌmɴuzɢɑʊ̯,V,to not soften (common) (neg = to soften)
uruifqâu,ˈuruˌifɢɑʊ̯,V-PP,to sadden (trans),CF: *uruë* 'sad'
nürêifqâu,ˈnyreˌifɢɑʊ̯,V-PN,to sadden (trans),CF: *uruë* 'sad'
uruifqâu,ˈuruˌifɢɑʊ̯,V-VP,to sadden (trans),CF: *uruë* 'sad'
uruëfqâuo,ˈuruɤfˌɢɑʊ̯ɔ,V-VI,to sadden (trans),CF: *uruë* 'sad'
śaoifqâu,ˈɕæo̯ˌifɢɑʊ̯,V-PP,to cheer (trans),CF: *śoħuo* 'happy'
jêddźoifqâu,ˈjeɟɟ͡ʑɔˌifɢɑʊ̯,V-PN,to cheer (trans),CF: *śoħuo* 'happy'
śaoifqâu,ˈɕæo̯ˌifɢɑʊ̯,V-VP,to cheer (trans),CF: *śoħuo* 'happy'
śaoifqâuo,ˈɕæo̯ifˌɢɑʊ̯ɔ,V-VI,to cheer (trans),CF: *śoħuo* 'happy'
tfâemqâu,ˈtfɑe̯mɢɑʊ̯,V-PP,to calm (trans),CF: *tfâemo* 'calm'
jêtfaomqâu,ˈjeˌtfæo̯mɢɑʊ̯,V-PN,to calm (trans),CF: *tfâemo* 'calm'
tfâemqâu,ˈtfɑe̯mɢɑʊ̯,V-VP,to calm (trans),CF: *tfâemo* 'calm'
tfâemqâuo,ˈtfɑe̯mˌɢɑʊ̯ɔ,V-VI,to calm (trans),CF: *tfâemo* 'calm'
iħħöqâu,ˈiħˌħøɢɑʊ̯,V-PP,to agitate (trans),CF: *iħħöni* 'agitated'
jêñeuqâu,ˈjeɴˌøʊ̯ɢɑʊ̯,V-PN,to agitate (trans),CF: *iħħöni* 'agitated'
iħħöqâu,ˈiħˌħøɢɑʊ̯,V-VP,to agitate (trans),CF: *iħħöni* 'agitated'
iħħöqâuo,ˈiħħøˌɢɑʊ̯ɔ,V-VI,to agitate (trans),CF: *iħħöni* 'agitated'
pur,ˈpur,ADJ,low,CF: *pur* 'down'
ârrhâem,ʌr̥ˈr̥ɑe̯m,ADJ,high / tall,CF: *xam* 'up'
mefe,ˈmɛfɛ,ADJ,big (common),
meccafe,ˈmɛcˌcæfɛ,ADJ,big (formal),
pefe,ˈpɛfɛ,ADJ,small,
rhe,ˈr̥ɛ,ADJ,hot,
ya'ü',ˈɟæʔyʔ,ADJ,cold,
vif,ˈʋif,ADJ,full;entire / whole,
qmuś,ˈɢm̥uɕ,ADJ,empty,
ete',ˈɛtɛʔ,ADJ,new,
vômvo,ˈʋomʋɔ,ADJ,old,
qâu,ˈɢɑʊ̯,ADJ,nearby,
iemh,ˈie̯m̥,ADJ,faraway,CF: *muoriemüħ* 'distance'
ñêra,ˈɴeræ,ADJ,round,
moaoa',ˈmoɐ̯oɐ̯ʔ,ADJ,straight,
frhiccê,ˈfr̥icce,ADJ,dry,
ulouź,ˈulou̯ʑ,ADJ,wet,
qu'ħa'e,ˈɢuʔˌħæʔɛ,ADJ,long,
puvljoñh,ˈpuʋʎɔɴ̥,ADJ,short,
njarh,ˈɲær̥,ADJ,narrow,
qoarânjo,ˈɢoɐ̯rʌɲɔ,ADJ,wide,
frhicce,ˈfr̥iccɛ,ADJ,thick,
ârroaromh,ʌrˈroɐ̯rɔm̥,ADJ,thin,
aoa,ˈæo̯æ,ADJ,initial;senior/elder,
fegvarh,fɛgʋær̥,ADJ,junior,
ulfärh,ˈulfar̥,ADJ,final,FROM: *ulo-färrh* 'with-end'
ħou,ˈħou̯,ADJ,good,
yirper,ˈɟir̥pɛr,ADJ,bad,
quovjë,ˈɢuo̯ʋjɤ,ADJ,rotten,
ħâero,ˈħɑe̯rɔ,ADJ,dirty,
uonjâenjh,ˈuo̯ɲɑe̯ɲ̊,ADJ,sharp,
ârrôźyë,ʌrˈroʑɟɤ,ADJ,dull,
pumfë,ˈpum̥fɤ,ADJ,correct,"used only for the answer, not the person;you are correct > your words are correct"
uloħħrha,ˈulɔħħr̥æ,ADJ,wrong / mistaken,"used only for the answer, not the person;FROM: *ulo-vaħħrha* 'with-mistake'"
frhi,ˈfr̥i,ADJ,other,
tuolja,ˈtuo̯ʎæ,ADJ,different,FROM: verb
tene,ˈtɛnɛ,ADJ,same / self,CF: *ten* 'same one'
marrhê,ˈmær̥r̥e,ADJ,useful,
ârrônjë,ʌrˈroɲɤ,ADJ,powerful,
firrhêm,ˈfir̥r̥em,ADJ,eternal,
êrrhatarh,ˈer̥ˌr̥ætær̥,ADJ,heavy,
mjeare,ˈmjeɐ̯rɛ,ADJ,hard / difficult,
pâem,ˈpɑe̯m,ADJ,easy,
ljëñghuoma',ˈʎɤɴˌɣuo̯mæʔ,ADJ,evident / clear,FROM: *ulo-jêñghuoma'* 'with-eye'
śeś,ˈɕɛɕ,ADJ,fast,CF: *muoñoljoś* 'speed'
âumuź,ɑʊ̯ˈmuʑ,ADJ,slow,MERGER: 'soft'
feś,ˈfɛɕ,ADJ,hard (not soft) / harsh / loud,CF: *muoñvoś* 'loudness'
âumuź,ɑʊ̯ˈmuʑ,ADJ,soft / tender / soft (sound),MERGER: 'slow';CF: *âumuźonj* 'care'
uruź,ˈuruʑ,ADJ,dark,
śa',ˈɕæʔ,ADJ,light / bright,CF: *muoddźa'* 'brightness'
toto,ˈtɔtɔ,ADJ,next,
undo,ˈundɔ,ADJ,last / previous,
tu',ˈtuʔ,ADJ,true,CF: *tukko* 'veracity';CF: *tutto* 'fact'
ferrhe,ˈfɛr̥r̥ɛ,ADJ,central / middle,
ħaśi',ˈħæɕiʔ,ADJ,fresh,CF: *muoħośë'* 'freshness'
ârmuñ,ʌrˈmuɴ,ADJ,sturdy / strong,CF: *moarmuñ* 'strength'
źmo',ˈʑmɔʔ,ADJ,frail / weak,CF: *muźmo'* 'weakness'
vincin,ˈʋiɲ̊cin,ADJ,dense / rich (in resources);common,
yünjin,ˈɟyɲin,ADJ,sparse / poor (in resources);rare,CF: *munünjin* 'scarcity'
môrhâm,ˈmor̥ʌm,N-I,height,CF: *ârrhâem* 'high'
kuinjaś,ˈkuɪ̯ɲæɕ,N-I,size
muomro,ˈmuo̯mrɔ,N-I,heat;temperature,CF: *rhe* 'hot'
mua'ü',ˈmuˌæʔyʔ,N-I,cold(ness),CF: *ya'ü'* 'cold'
muovof,ˈmuo̯ʋɔf,N-I,(measure of/) fullness,CF: *vif* 'full'
muoñmuś,ˈmuo̯ɴmuɕ,N-I,emptiness,CF: *qmuś* 'empty'
muete',ˈmuˌɛtɛʔ,N-I,newness,CF: *ete'* 'new'
muuomvo,ˈmuˌuo̯mʋɔ,N-I,oldness,CF: *vômvo* 'old'
muu'ħa'e,ˈmuuʔˌħæʔɛ,N-I,length,CF: *qu'ħa'e* 'long'
muoarânjo,ˈmuˌoɐ̯rʌɲɔ,N-I,width,CF: *qoarânjo* 'wide'
muħou,ˈmuħou̯,N-I,goodness / morality,CF: *ħou* 'good'
muuonjâenjh,ˈmuˌuo̯ɲɑe̯ɲ̊,N-I,sharpness,CF: *uonjâenjh* 'sharp'
muomrâ,ˈmuo̯mrʌ,N-I,usefulness,CF: *marrhê* 'useful'
muoñratarh,ˈmuo̯ɴˌrætær̥,N-I,weight,CF: *êrrhatarh* 'heavy'
muomjeare,ˈmuo̯mˌjeɐ̯rɛ,N-I,difficulty,CF: *mjeare* 'difficult'
muomom,ˈmuo̯mɔm,N-I,ease / easiness,CF: *pâem* 'easy'
muoñvoś,ˈmuo̯ɴʋɔɕ,N-I,loudness,CF: *feś* 'hard'
muoħośë',ˈmuo̯ˌħɔɕɤʔ,N-I,freshness,CF: *ħaśi'* 'fresh'
moarmuñ,ˈmoɐ̯rmuɴ,N-I,strength,CF: *ârmuñ* 'strong'
muźmo',ˈmuʑmɔʔ,N-I,weakness,CF: *źmo'* 'weak'
munünjin,ˈmuˌnyɲin,N-I,scarcity / rarity,CF: *yünjin* 'sparse'
muoñoljoś,ˈmuo̯ɴɔʎɔɕ,N-I,speed,CF: *śeś* 'fast'
muoriemüħ,ˈmuo̯ˌrie̯myħ,N-I,distance,CF: *iemh* 'faraway';CF: *erriemaofa* 'far-ly'
muoddźa',ˈmuo̯ɟɟ͡ʑæʔ,N-I,brightness,CF: *śa'* 'bright'
fieñe,ˈfie̯ɴɛ,ADV,in all / in total,ORIG: all
ħeffa,ˈħɛffæ,ADV,well,FROM: *ħou-afa* 'good-ly';REG: ħeffafa
yirpfa,ˈɟir̥pfæ,ADV,badly,FROM: *yirper-afa* 'bad-ly';REG: yirperäfa
vieffa,ˈʋie̯ffæ,ADV,fully / completely,FROM: *vif-afa* 'full-ly';REG: viefafa
njarfa,ˈɲær̥fæ,ADV,narrowly / just (common),CF REG: *njarrhäfa* (formal)
njarrhäfa,ˈɲær̥ˌr̥afæ,ADV,narrowly / just (formal),FROM: *njarh-afa* 'narrow-ly';CF: *njarfa* (common)
pumfa,ˈpum̥fæ,ADV,correctly / well (common),CF REG: *pumfofa* (formal)
pumfofa,ˈpum̥ˌfɔfæ,ADV,correctly / well (formal),FROM: *pumfë-afa* 'correct-ly';CF: *pumfa* (common)
uloħħrhofa,ˈulɔħˌħr̥ɔfæ,ADV,wrongly / mistakenly,
firmva,ˈfirmʋæ,ADV,always / eternally (common),CF REG: *firrhiemva* (formal)
firrhiemva,ˈfir̥ˌr̥ie̯mʋæ,ADV,always / eternally (formal),FROM: *firrhêm-afa* 'eternal-ly';CF: *firmva* (common)
fiafa,ˈfiˌæfæ,ADV,totally / completely,
meffa,ˈmɛffæ,ADV,very (common),
meccafafa,ˈmɛccæfˌæfæ,ADV,very (formal),
peffa,ˈpɛfˌæfæ,ADV,not very,
arrhaopafa,ær̥ˈr̥æo̯ˌpæfæ,ADV,highly / very,
purofa,ˈpuˌrɔfæ,ADV,lowly / not very,
mjearaofa,ˈmjeɐ̯ˌræo̯fæ,ADV,with difficulty;hardly / barely,
paomafa,ˈpæo̯ˌmæfæ,ADV,with ease;easily / comfortably,
qâuofa,ˈɢɑʊ̯ˌɔfæ,ADV,nearly / almost,
erriemaofa,ɛrˈrie̯mˌæo̯fæ,ADV,not at all nearly / 'farly',CF: *muoriemüħ* 'distance'
qmuśśofa,ˈɢm̥uɕˌɕɔfæ,ADV,emptily,
vômvofa,ˈʋomˌʋɔfæ,ADV,oldly / since long ago,
eteppafa,ˈɛtɛpˌpæfæ,ADV,newly / recently,
qu'ħa'ofa,ˈɢuʔħæˌʔɔfæ,ADV,slowly / for/after a long time,
pumvuñafa,ˈpumˌʋuɴæfæ,ADV,quickly / for/after a short time,
qoarânjofa,ˈɢoɐ̯rʌˌɲɔfæ,ADV,widely / with much room to spare,
qaoaffa,ˈɢæo̯ˌæffæ,ADV,initially / at first,
uloffa,ˈulɔfˌfæffæ,ADV,finally / lastly,
uruiva,ˈuruɪ̯ʋæ,ADV,sadly; unfortunately,CF: *uruë* 'sad'
śaxfa,ˈɕæxfæ,ADV,happily / willingly; fortunately,CF: *śoħuo* 'happy'
etuomva,ˈɛˌtuo̯mʋæ,ADV,again,CF: *ete'* 'new'
tuffa,ˈtuffæ,ADV,truly,CF: *tu'* 'true'
fśeaz,ˈfɕeɐ̯z,N-Postpos,front,
ljix,ˈʎix,N-Postpos,back / behind,
pon,ˈpɔn̥,N-Postpos,side / beside / next to,
vaś,ˈʋæɕ,N-Postpos,above / over,
xacca,ˈxæccæ,N-Postpos,above / over,
qunjh,ˈɢuɲ̊,N-Postpos,top / on top / surface,
mekke,ˈmɛkkɛ,N-Postpos,bottom / below / under/neath,
ghêamh,ˈɣeæm̥,N-Postpos,(hanging) off,
qâu,ˈɢɑʊ̯,N-Postpos,nearby / near,
riem,ˈrie̯m,N-Postpos,faraway / far,
âur,ˈɑʊ̯r,N-Postpos,right side,
ħeim,ˈħei̯m,N-Postpos,left side,
ħaie,ˈħæɪ̯ɛ,N-Postpos,long side / along,
puoñh,ˈpuo̯ɴ̥,N-Postpos,short side / across,
moa',ˈmoɐ̯ʔ,N-Postpos,opposite side / against,
quonj,ˈɢuo̯ɲ,N-Postpos,inside,
vaoñ,ˈʋæo̯ɴ,N-Postpos,outside,
ñieñ,ˈɴie̯ɴ,N-Postpos,through / throughout / during / over,
ñêr,ˈɴer,N-Postpos,surrounds / around,
yêrh,ˈɟer̥,N-Postpos,result / intention,
itfe,ˈitfɛ,N-Postpos,cause / reason,
ao,ˈæo̯,N-Postpos,before / beginning
färh,ˈfar̥,N-Postpos,after
ten,ˈtɛn,N-Postpos,same (manner/likeness),INS = like
ħuom,ˈħuo̯m,CONJ,and,
vorhâr,ˈʋɔr̥ʌr,CONJ,or,
rhu,ˈr̥u,CONJ,if,
verh,ˈʋɛr̥,CONJ,because,
tso,ˈt͡ʃɔ,CONJ,but,
feśśaś,ˈfɛɕɕæɕ,ADV,so / thus / in this way / like this,FROM: *feś+aoś* 'like-this'
qurhiħa,ˈɢuˌr̥iħæ,V-PP,to float (on/in water),
qu'fërhiħa,ˈɢuʔfɤˌr̥iħæ,V-PN,to float (on/in water),
qurhiħa,ˈɢuˌr̥iħæ,V-VP,to float (on/in water),
qurhiħe,ˈɢuˌr̥iħɛ,V-VI,to float (on/in water),
rhü,ˈr̥y,V-PP,to melt (intrans),CAUS = (trans),
jêñreu,ˈjeɴrøʊ̯,V-PN,to melt (intrans),CAUS = (trans),
rhü,ˈr̥y,V-VP,to melt (intrans),CAUS = (trans),
rhüe,ˈr̥yɛ,V-VI,to melt (intrans),CAUS = (trans),
ħanħaome,ˈħæn̥ˌħæo̯mɛ,V-PP,to burn (intrans),CAUS = (trans);CF: *ħanjmanjh* 'fire'
iñanħaome,ˈiɴæn̥ˌħæo̯mɛ,V-PN,to burn (intrans),CAUS = (trans);CF: *ħanjmanjh* 'fire'
ħanħaome,ˈħæn̥ˌħæo̯mɛ,V-VP,to burn (intrans),CAUS = (trans);CF: *ħanjmanjh* 'fire'
ħanħaome,ˈħæn̥ˌħæo̯mɛ,V-VI,to burn (intrans),CAUS = (trans);CF: *ħanjmanjh* 'fire'
quñëź,ˈɢuɴɤʑ,V-PP,to flow,
quźjiñêź,ˈɢuʑˌjiɴeʑ,V-PN,to flow,
ququoźnjof,ˈɢuˌɢuo̯ʑɲɔf,V-VP,to flow,
ququoźanjh,ˈɢuˌɢuo̯ʑæɲ̊,V-VI,to flow,
qu'uccou,ˈɢuˌʔuccou̯,V-PP,to freeze (intrans),CAUS = (trans);REG: quña'uccou
quźjë'uccou,ˈɢuʑjɤˌʔuccou̯,V-PN,to freeze (intrans),CAUS = (trans);REG: quña'uccou
qu'uccünjef,ˈɢuʔucˌcyɲɛf,V-VP,to freeze (intrans),CAUS = (trans);REG: quña'uccou
qu'uccüanjh,ˈɢuʔucˌcyæɲ̊,V-VI,to freeze (intrans),CAUS = (trans);REG: quña'uccou
vanśke,ˈʋæɲ̊ɕkɛ,N-D,sky,REG: vaśnjaogge
rhiikke,ˈr̥iˌikkɛ,N-D,sun,
vaśke,ˈʋæɕkɛ,N-D,moon,
cêrrheagge,ˈcer̥ˌr̥eɐ̯ggɛ,N-D,star,
verxanjh,ˈʋɛr̥xæɲ̊,N-A,rain,
verxanjh,ˈʋɛr̥xæɲ̊,V,to rain,FROM: noun
virxenjh,ˈʋir̥xɛɲ̊,N-A,heavy rain,
vaśxanjh,ˈʋæɕxæɲ̊,N-A,clouds,
veśxenjh,ˈʋɛɕxɛɲ̊,N-A,stormclouds,
vaftnjanjh,ˈʋæftɲ̊æɲ̊,N-A,wind;weather,FROM: *vatfenjh* 'to blow'
ħa'üccünjh,ˈħæˌʔyccyɲ̊,N-A,snow (falling),FROM: *ħa'üccüa'* 'snow';CF: *ħa'üccüyenjh* 'blizzard'
ħa'üccünjh,ˈħæˌʔyccyɲ̊,V,to snow,FROM: noun
ya'üccünjh,ˈɟæˌʔyccyɲ̊,N-A,hail,FROM: *ya'üccüa'* 'ice'
ya'üccünjh,ˈɟæˌʔyccyɲ̊,V,to hail,FROM: noun
ħa'üccüyenjh,ˈħæʔycˌcyɟɛɲ̊,N-A,blizzard / snowstorm,CF: *ħa'üccünjh* 'snow'
ca'iccenjh,ˈcæʔˌiccɛɲ̊,N-A,dust storm,FROM: *ca'icca* 'dust'
ħanjmanjh,ˈħæɲ̊m̥æɲ̊,N-A,fire,
ħanħaśxanjh,ˈħæn̥ˌħæɕxæɲ̊,N-A,smoke,CF: *ħanśanjh* 'smoke > odour'
ħa'uħħo,ˈħæʔˌuħħɔ,N-I,ashes,
ârrâyanjh,ʌrˈrʌɟæɲ̊,N-A,flow / current,
me'rhesanjh,ˈmɛʔˌr̥ɛsæɲ̊,N-A,tide,FROM: *me'rhe-esa* 'sea-cycle'
tfaanjh,ˈtfææɲ̊,N-A,wave,
kubrhâyanjh,ˈkubˌrʌɟæɲ̊,N-A,strong current,FROM: *kup-ârrâyanjh* 'much-flow'
ku'rhu,ˈkuʔr̥u,N-I,flood (due to river/melt),FROM: *kup-rhü* 'much-melt'
kumverxa,ˈkumˌʋɛr̥xæ,N-I,flood (due to rain),FROM: *kup-verxa* 'much-rain'
kuttfa,ˈkuttfæ,N-A,flood (due to sea),FROM: *kup-tfa* 'much-wave'
paocaanjh,ˈpæo̯ˌcææɲ̊,N-A,thunderclap,
rhuonjarrhänjh,ˈr̥uo̯ˌɲær̥r̥aɲ̊,N-A,thunder rumble,
qaccaogge,ˈɢæcˌcæo̯ggɛ,N-A,lightning flash,
niño,ˈniɴɔ,N-I,night,
yinddźo,ˈɟiɲɟɟ͡ʑɔ,N-I,day,
qu'ħuśśa,ˈɢuʔˌħuɕɕæ,N-I,year,CF: *ħêśśa* 'cycle'
vaśħêśśa,ˈʋæɕˌħeɕɕæ,N-I,month,FROM: *vaś-ħêśśa* 'moon-cycle'
ħêśśa,ˈħeɕɕæ,N-I,cycle,
esa,ˈɛsæ,N-I,cyclical phase / season;period of time,
iske,ˈiskɛ,N-I,winter,FROM: *ni-esa* 'night-phase';CF: *Ienj(eħħonj)* 'Northlands'
rhüźakke,ˈr̥yˌʑækkɛ,N-I,spring,FROM: *rhü-esa* 'melt-phase'
kusko,ˈkuskɔ,N-I,summer,merged form w/ *kusko* 'plenitude';FROM: *kus-esa* 'plenitude-phase'
ħusko,ˈħuskɔ,N-I,autumn,FROM: *Qu'ħus-esa* 'God of Harvest-phase'
vônśko,ˈʋoɲ̊ɕkɔ,N-D,north wind;north,FROM: 'Frost Bird'
ħanśko,ˈħæɲ̊ɕkɔ,N-D,south wind;south,FROM: 'Flame Bird'
pâenśko,ˈpɑe̯ɲ̊ɕkɔ,N-D,west~SW wind;west~SW,FROM: 'Storm Bird'
ghâeñośko,ˈɣɑe̯ɴˌɔɕkɔ,N-D,east wind;east,FROM: 'Mountain Bird'
verħośko,ˈʋɛr̥ˌħɔɕkɔ,N-D,northwest wind;northwest,FROM: 'Rain Bird'
euź,ø̯ʊʑ,N-I,water,generic word;CF: *jêźikke* 'the water';CF: *quttśia* 'drinking water'
me'eqqa,ˈmɛʔˌɛɢɢæ,N-I,soil,CF: *me'ekke* 'ground'
erreqqa,ɛrˈrɛɢɢæ,N-I,stone,
erreqqe,ɛrˈrɛɢɢɛ,N-I,pebble,
jêreqqa,ˈjeˌrɛɢɢæ,N-I,sand,FROM: 'jêź-reqqa' 'water-stone'
xekka',ˈxɛkkæʔ,N-I,path;way / path taken,,
ca'icca,ˈcæʔˌiccæ,N-I,dust,
ħa'üccüa',ˈħæʔycˌcyæʔ,N-I,snow,CF: *ħa'üccünjh* 'falling snow'
ya'üccüa',ˈɟæʔycˌcyæʔ,N-I,ice,CF: *ya'üccünjh* 'hail';CF: *qu'uccou* 'to freeze'
jêźikke,ˈjeˌʑikkɛ,N-D,(the) water,"water as terrain;(seas, lakes & rivers);CF: *euź* 'water'"
me'ekke,ˈmɛʔˌɛkkɛ,N-D,(the) ground,FROM: *me'eqqa* 'soil'
yeħħa,ˈɟɛħħæ,N-I,land,
niñâe,ˈniɴɑe̯,N-I,tundra,FROM: *niño* 'night';ORIG: northern lands;CF: *Ienjeħħonj* 'The Northlands'
yinddźoeħħa,ˈɟiɲɟɟ͡ʑɔˌɛħħæ,N-I,plains,FROM: *yinddźo* 'day';ORIG: southern lands;CF: *Yinddźaħonj* 'The Southlands'
ârrhâemâe,ʌr̥ˈr̥ɑe̯mɑe̯,N-I,highlands,CF: *ârrhâem'* 'high';CF: *ârrhâfonj* 'The Highlands'
marrhöâe,ˈmær̥ˌr̥øɑe̯,N-I,lowlands,CF: *me'rhenjh* 'sea'
arrhacca',ær̥ˈr̥æccæʔ,N-I,mountain/s,CF: *xacca* 'above';CF: *ârrhâem* 'up'
ħuoñdvaś,ˈħuo̯ɴdʋæɕ,N-I,forest,CF: *tfaśśa* 'tree'
quieźanjh,ˈɢuˌie̯ʑæɲ̊,N-A,river,
meccieźanjh,ˈmɛcˌcie̯ʑæɲ̊,N-A,lake,
ca'iccüźonj,ˈcæʔicˌcyʑɔɲ,N-A,oasis,FROM: *ca'icca-euź* 'dust-water'
me'rhenjh,ˈmɛʔˌr̥ɛɲ̊,N-A,sea,
tfirrha,ˈtfir̥r̥æ,N-I,hill,
kixeź,ˈkixɛʑ,N-I,beach,
arrharrä,ær̥ˈr̥ærra,N-I,coast,
fienja',ˈfie̯ɲæʔ,N-I,base / foot / bottom,
vaoña',ˈʋæo̯ɴæʔ,N-I,summit / peak / top,
uoyyeħħa,ˈuo̯ɟˌɟɛħħæ,N-I,valley,
üâe,ˈyɑe̯,N-I,island,CF: *üma* 'knee'
moandvaś,ˈmoɐ̯ndʋæɕ,N-I,pine forest,
paccantfaś,ˈpæcˌcæn̥tfæs,N-I,oak forest,
euljêo,ˈøʊ̯ʎeɔ,N-I,desert,FROM: Shch. /ˈevlegɑ/
Vaoñdunj,ˈʋæo̯ɴduɲ,N-H,Realm of the Living;The Known World,often excluding Ljanêrmonj;FROM: *Vaoñdv(ikke)* 'Goddess of the Living World'
Yeħke,ˈɟɛħkɛ,N-D,The World,"all lands, known or unknown, in practice often synonymous w/ Vaoñdunj;FROM: *yeħħa* 'land'"
Ljiħħeimonj,ˈʎiħˌħei̯mɔɲ,N-H,The Homeland ('Land of Birth'),FROM: *Ljiħħeim(ge)* 'Goddess of Creation/Birth'
Qamkonj,ˈɢæm̥kɔɲ,N-H,The Homeland ('Land of Ancestors'),FROM: *qamke* '(personal) ancestor'
Kuskonj,ˈkuskɔɲ,N-H,The Homeland ('Land of Plenty'),FROM: *kusko* 'plenitude'
Uonjëkkouonj,ˈuo̯ɲɤkˌkou̯ɔɲ,N-H,The River Valley,FROM: *uonjë'-kou* 'cut-ACC'
Vônvënjh,ˈʋonʋɤɲ̊,N-H,The River,FROM: *vônvë* 'split'
Ienjeħħonj,ˈie̯ˌɲɛħħɔɲ,N-H,The Northlands,FROM: *ni-eħħa* 'night-land';CF: *niñâe* 'tundra'
Yinddźaħonj,ˈɟiɲɟˌɟ͡ʑæħɔɲ,N-H,The Southlands,FROM: *yinddźo-eħħa* 'day-land';CF: *yinddźoeħħa* 'plains'
Ârrhâfonj,ʌr̥ˈr̥ʌfɔɲ,N-H,The Highlands,FROM: *ârrhâem-eħħa* 'high-land';CF: *ârrhâemâe* 'highlands'
Xärrhättśonj,ˈxar̥ˌr̥acc͡ɕɔɲ,N-H,River Coast Region,FROM: *xarrä-uieźanjh* 'coast-river'
Puruttśonj,ˈpuˌrucc͡ɕɔɲ,N-H,Lower River Region,FROM: *pur-uieźanjh* 'low-river'
Xâeputtśonj,ˈxɑe̯ˌpucc͡ɕɔɲ,N-H,Upper River Region,FROM: *xâep-uieźanjh* 'up-river'
Quoźo'âenqënj,ˈɢuo̯ʑɔʔˌɑe̯nɢɤɲ,N-H.d,The Twin Rivers Region,FROM: *quieźanj-quonj* 'river-dual'
Pfośħonj,ˈpfɔɕħɔɲ,N-H,Albatross Island,FROM *pfośśüenjh-eħħa* 'albatross'
Śaśśüênj,ˈɕæɕˌɕyeɲ,N-H,Seadragon Strait,FROM *śaśśöranjh* 'sea dragon'
Śaśśüħênj,ˈɕæɕˌɕyħeɲ,N-H,Seadragon Coast Region,FROM *Śaśśüênj-eħħa* 'SDS-land'
Meccêźeamonj,ˈmɛcceʑˌeɐ̯mɔɲ,N-H,Lake West Region,FROM: *meccieź-iħeim* 'lake-left'
Meccêźaorrânj,ˈmɛcceʑˌæo̯rrʌɲ,N-H,Lake East Region,FROM: *meccieź-âur* 'lake-right'
Moanduâenyox,ˈmoɐ̯nduˌɑe̯ɲɟɔx,N-H.pl,Pine Forests Region,FROM: *moa-ħuodvaś-anyex* 'pine-forest-pl'
Ghaźbêrrânj,ˈɣæʑˌberrʌɲ,N-H,Olive Coast Region,FROM: *arraźba* 'olive'
Meffeśteħħênj,ˈmɛffɛɕˌtɛħħeɲ,N-H,Elephant Plains Region,FROM: *me'fośt-eħħa* 'elephant-land'
Rhiemênj,ˈr̥ie̯meɲ,N-H,The Savannah Region,FROM: *rhi* 'sun'
Uttüvâencox,ˈuttyˌʋɑe̯ɲ̊cɔx,N-H.pl,Fisher Islands,FROM: *uttum-üâe-anyex* 'fisher-island-pl'
Jêiśħeimonj,ˈjeiɕˌħei̯mɔɲ,N-H,Mountain Springs Region,FROM: *jêź-ljiħħeim* 'water-birth'
Fienjafrhienyex,ˈfie̯ɲæˌfr̥ie̯ɲɟɛx,N-H.pl,The Foothills Region,FROM: *fienja'-tfirrha-anyex* 'base-hill-pl'
Varcindüaonyex,ˈʋær̥cindyˌæo̯ɲɟɛx,N-H.pl,Hunter Forests,FROM: *varħaccin-ħuodvaś-anyex* 'hunter-forest-pl'
Ghaonyappaonyex,ˈɣæo̯ɲɟæpˌpæo̯ɲɟɛx,N-H.pl,Rockbird Mountains,FROM: *ghâeñośko-xaccap-anyex* 'rockbird-mountain-pl'
Ljanêrmonj,ˈʎæˌnermɔɲ,N-H,Realm of the Dead;The Cursed Desert,FROM: *Ljaearm(ikke)* 'Goddess of the Dead'
Ħancśicceuźikke,ˈħæɲ̊c͡ɕiccøʊ̯ˌʑikkɛ,N-D,Oasis of Spirits,FROM: *ħanħś-ca'iccüźonj* 'spirit-oasis'
Ħa'üħħercakke,ˈħæʔyħħɛr̥ˌcækkɛ,N-D,Ashen Mountains,FROM: *ħa'uħħo-xaccap* 'ash-mountain'
Firca'innjikke,ˈfir̥cæʔiɲ̊ˌɲ̊ikkɛ,N-D,The Eternal Duststorm (Plains of),FROM: *firrhêm-ca'iccenjh* 'eternal-duststorm'
Färhemvaonjonj,ˈfar̥ɛmˌʋæo̯ɲɔɲ,N-H,The Last Outpost,FROM: *färrhänjh-meħħaonjonj* 'last-camp'
tfaś,ˈtfæɕ,N-I,stick,
tfaśśa,ˈtfæɕɕæ,N-I,tree,
tfaśśe,ˈtfæɕɕɛ,N-I,plant,
arrêamh,ærˈreæm̥,N-I,leaf,
suppa',ˈsuppæʔ,N-I,tree bark,
tśeuź,ˈc͡ɕøʊ̯ʑ,N-I,tree sap;tree resin,FROM: *tfaśśe-euź* 'tree-water'
yêrħa,ˈɟer̥ħæ,N-I,fruit,
itfe,ˈitfɛ,N-I,seed,
ma',ˈmæʔ,N-I,flower,
ye'ma',ˈɟɛʔm̥æʔ,N-I,grass,
moaźlja,ˈmoɐ̯ʑʎæ,N-I,pine tree,
paccantśa,ˈpæcˌcæɲ̊c͡ɕæ,N-I,oak tree,CF: *paccanjh* 'tannin'
ve'njetfe,ˈʋɛʔˌɲ̊ɛtfɛ,N-I,juniper tree,
jüljanjh,ˈjyʎæɲ̊,N-A,fish
śâuo,ˈɕɑʊ̯ɔ,N-A,shellfish,CF: *jêddźâu* 'shell'
jêddźâu,ˈjeɟɟ͡ʑɑʊ̯,N-I,shell;>skull,FROM: *jê-śâuo* 'NEG-shellfish';CF *jêddźâugou* 'purple'
pvaomanjh,ˈpʋæo̯mæɲ̊,N-A,bird
qârränjh,ˈɢʌrraɲ̊,N-A,animal
pfośśüenjh,ˈpfɔɕˌɕyɛɲ̊,N-A,albatross
me'fośtonjh,ˈmɛʔˌfɔɕtɔɲ̊,N-A,elephant
vôŕanjh,ˈʋoɹæɲ̊,N-A,boar
jêbvaomanjh,ˈjeˌbʋæo̯mæɲ̊,N-A,waterfowl
rhâuganjh,ˈr̥ɑʊ̯gæɲ̊,N-A,ibex
ħrhesħanjh,ˈħr̥ɛsħæɲ̊,N-A,wolf
ħrhuonljanjh,ˈħr̥uo̯ɲʎæɲ̊,N-A,coyote
voaźñonjh,ˈr̥oɐ̯ʑɴɔɲ̊,N-A,bee,REG: ârrhoaźñonjh
ħâeljonjh,ˈħɑe̯ʎɔɲ̊,N-A,insect
erearanjh,ɛˈreɐ̯ræɲ̊,N-A,spider
qoppinjenjh,ˈɢɔpˌpiɲɛɲ̊,N-A,bear
śaśśöranjh,ˈɕæɕˌɕøræɲ̊,N-A,sea dragon (considered a real animal)
ljiezam,ˈʎie̯zæm̥,N-A,camel,FROM: Shch. /ˈliʐam/
rhêñiâñh,ˈr̥eɴiʌɴ̥,N-A,ostrich,FROM: Shch. /ˈxegiɑ/
sittsanjh,ˈsitt͡ʃæɲ̊,N-A,snake,FROM: Shch. /ˈʂiʈ͡ʂa/
yeppinjenjh,ˈɟɛpˌpiɲɛɲ̊,N-A,whimper,
yappinjanjh,ˈɟæpˌpiɲæɲ̊,N-A,growl / bark,
qoppinjenjh,ˈɢɔpˌpiɲɛɲ̊,N-A,roar,
mettśgheña',ˈmɛcˌc͡ɕɣɛɴæʔ,V-PP,to squeeze,
âemtśghoña',ˈɑe̯m̥ˌc͡ɕɣɔɴæʔ,V-PN,to squeeze,
mettśgheña',ˈmɛcˌc͡ɕɣɛɴæʔ,V-VP,to squeeze,
mettśiħae,ˈmɛcc͡ɕiˌħæɛ,V-VI,to squeeze,
ljêrêś,ˈʎereɕ,V-PP,to rub,
qêśśêrêś,ˈɢeɕˌɕereɕ,V-PN,to rub,
ljêrêś,ˈʎereɕ,V-VP,to rub,
ljearêśe,ˈʎeɐ̯ˌreɕɛ,V-VI,to rub,
ljêrao,ˈʎeræo̯,V-PP,to wash,
qêśśêrao,ˈɢeɕˌɕeræo̯,V-PN,to wash,
ljêrao,ˈʎeræo̯,V-VP,to wash,
ljearöe,ˈʎeɐ̯ˌrøɛ,V-VI,to wash,
quirömaś,ˈɢuɪ̯ˌrømæɕ,V,to kill (common),CF REG: *qunjoghârömaś* (formal)
qunjoghârömaś,ˈɢuɲɔɣʌˌrømæɕ,V-PP,to kill (formal),CF: *quirömaś* (common)
quźjëcoghârömaś,ˈɢuʑjɤcɔɣʌˌrømæɕ,V-PN,to kill (formal),CF: *quirömaś* (common)
qunjoghârömaś,ˈɢuɲɔɣʌˌrømæɕ,V-VP,to kill (formal),CF: *quirömaś* (common)
qunjoghârâaśe,ˈɢuɲɔɣʌrʌˌæɕɛ,V-VI,to kill (formal),CF: *quirömaś* (common)
qu'fa',ˈɢuʔfæʔ,V-PP,to suck,
qu'fi'fa',ˈɢuʔˌfiʔfæʔ,V-PN,to suck,
qu'fa',ˈɢuʔfæʔ,V-VP,to suck,
qu'fae,ˈɢuʔˌfæɛ,V-VI,to suck,
ghu'fa',ˈɣuʔfæʔ,V-PP,to spit,
nearghu'fa',ˈneɐ̯rˌɣuʔfæʔ,V-PN,to spit,
ghu'fa',ˈɣuʔfæʔ,V-VP,to spit,
ghu'fae,ˈɣuʔˌfæɛ,V-VI,to spit,
vônlunjh,ˈʋonluɲ̊,V-PP,to hit,
vôxfienlünjh,ˈʋoxˌfie̯nlyɲ̊,V-PN,to hit,
vônlunjh,ˈʋonluɲ̊,V-VP,to hit,
vônlunjo,ˈʋonˌluɲ̊ɔ,V-VI,to hit,
vouu,ˈʋou̯u,V-PP,to stab,
vôxfüü,ˈʋoxˌfyy,V-PN,to stab,
vouu,ˈʋou̯u,V-VP,to stab,
vouo,ˈʋou̯ɔ,V-VI,to stab,
vanca,ˈʋæɲ̊cæ,V-PP,to scratch,
qêħnja,ˈɢeħɲ̊æ,V-PN,to scratch,
vanca,ˈʋæɲ̊cæ,V-VP,to scratch,
vanje,ˈʋæɲ̊ɛ,V-VI,to scratch,
ghâr,ˈɣʌr,V-PP,IMPF: to be tired;PERF: to tire (intrans),CAUS = to tire (trans);CF: *ghâeñ* 'to prevent'
nearghâr,ˈneɐ̯rɣʌr,V-PN,IMPF: to be tired;PERF: to tire (intrans),CAUS = to tire (trans);CF: *ghâeñ* 'to prevent'
ghârânjof,ˈɣʌrʌɲɔf,V-VP,IMPF: to be tired;PERF: to tire (intrans),CAUS = to tire (trans);CF: *ghâeñ* 'to prevent'
ghaoränjh,ˈɣæo̯raɲ̊,V-VI,IMPF: to be tired;PERF: to tire (intrans),CAUS = to tire (trans);CF: *ghâeñ* 'to prevent'
vâeoffa,ˈʋɑe̯ˌɔffæ,V-PP,IMPF: to be in pain;PERF: to get hurt (Participle),CAUS = to cause pain;CF: *vâeo* 'to be shocked'
ümooffa,ˈymɔˌɔffæ,V-PN,IMPF: to be in pain;PERF: to get hurt (Participle),CAUS = to cause pain;CF: *vâeo* 'to be shocked'
vâeofnjof,ˈʋɑe̯ˌɔfɲ̊ɔf,V-VP,IMPF: to be in pain;PERF: to get hurt (Participle),CAUS = to cause pain;CF: *vâeo* 'to be shocked'
vâeofanjh,ˈʋɑe̯ˌɔfæɲ̊,V-VI,IMPF: to be in pain;PERF: to get hurt (Participle),CAUS = to cause pain;CF: *vâeo* 'to be shocked'
quttśeaâenjh,ˈɢucˌc͡ɕeɐ̯ɑe̯ɲ̊,N-A,heart,
xikrhänjh,ˈxikr̥aɲ̊,N-A,tongue,
vaoñanjh,ˈʋæo̯ɴæɲ̊,N-A,head,
pu'a',ˈpuʔæʔ,N-I,skin,
ñaa,ˈɴææ,N-I,flesh,CF: *ñieña* 'meat'
jêñieña,ˈjeˌɴie̯ɴæ,N-I,blood,CF: *ñieña* 'meat'
ârrhôttśo,ʌr̥ˈr̥occ͡ɕɔ,N-I,hair,
arrömañh,ærˈrømæɴ̥,N-I,ear,
jêmma',ˈjemmæʔ,N-I,eye (common),
jêñghuoma',ˈjeɴˌɣuo̯mæʔ,N-I,eye (formal),
fśeazma,ˈfɕeɐ̯zmæ,N-I,nose (common),
fśeazgaoma,ˈfɕeɐ̯zˌgæo̯mæ,N-I,nose (formal),
vatf,ˈʋætf,N-I,mouth,
quña,ˈɢuɴæ,N-I,tooth,
caśa,ˈcæɕæ,N-I,bone
feñxa,ˈfɛɴ̥xæ,N-I,foot,
üma,ˈymæ,N-I,knee,
ljêrâe',ˈʎerɑe̯ʔ,N-I,hand,
mure'aś,ˈmuˌrɛʔæɕ,N-I,belly,
quomaħ,ˈɢuo̯mæħ,N-I,neck,
arraombanjh,ærˈræo̯mbæɲ̊,N-I,horn,
luppärh,ˈluppar̥,N-I,tail,
errhiħanjh,ɛr̥ˈr̥iħæɲ̊,N-I,feather,
uffarh,ˈuffær̥,N-I,claw,
ârrhôâemljanjh,ʌr̥ˈr̥oˌɑe̯mʎæɲ̊,N-I,wing,
ljixxamh,ˈʎixxæm̥,N-I,back,
ponħonjh,ˈpɔn̥ħɔɲ̊,N-I,side (of body),
quttśaś,ˈɢucc͡ɕæɕ,N-I,chest (body),
iemnja,ˈie̯mɲæ,N-I,joint,
iemiś,ˈie̯miɕ,N-I,elbow,
nje'âu,ˈɲɛʔɑʊ̯,N-I,groin,
jêsonj,ˈjesɔɲ,N-I,leg,
ljêrânj,ˈʎerʌɲ,N-I,arm,
tfaśśaś,ˈtfæɕɕæɕ,N-I,lung,
qomśaś,ˈɢɔm̥ɕæɕ,N-I,stomach,
yümeaś,ˈɟymeɐ̯ɕ,N-I,liver,
ħanħśikke,ˈħæn̥ˌħɕikkɛ,N-D,spirit,FROM: *ħanħaśxanjh* 'smoke'
meħħośko,ˈmɛħˌħɔɕkɔ,N-D,tomb,CF: *meħħonj* 'dig'
se'üśko,ˈsɛʔyɕkɔ,N-D,common (rectangular) tomb,FROM: *se'üś* 'four'
ljêsko,ˈʎeskɔ,N-D,minor noble (pentagonal) tomb,FROM: *ljêr* 'five'
źüśko,ˈʑyɕkɔ,N-D,noble (hexagonal) tomb,FROM: *źü* 'six'
zuiśko,ˈzuɕɪ̯kɔ,N-D,royal (heptagonal) tomb,FROM: *zui* 'seven'
vanħaonöri,ˈʋæn̥ˌħæo̯nøri,V-PP,IMPF: to worship;PERF: to praise,IMPF: belong to the cult of;CF ORIG: *vaodri* 'sing'
ümanħaonöri,ˈymæn̥ˌħæo̯nøri,V-PN,IMPF: to worship;PERF: to praise,IMPF: belong to the cult of;CF ORIG: *vaodri* 'sing'
vanħonurëñqof,ˈʋæn̥ħɔˌnurɤɴɢɔf,V-VP,IMPF: to worship;PERF: to praise,IMPF: belong to the cult of;CF ORIG: *vaodri* 'sing'
vanħaonöriñh,ˈʋæn̥ˌħæo̯nøriɴ̥,V-VI,IMPF: to worship;PERF: to praise,IMPF: belong to the cult of;CF ORIG: *vaodri* 'sing'
attür,ˈættyr,V-PP,IMPF: to be dedicated/loyal to;PERF: to dedicate/swear allegiance to,CF: *atturgo* 'dedication'
jêddür,ˈjeddyr,V-PN,IMPF: to be dedicated/loyal to;PERF: to dedicate/swear allegiance to,CF: *atturgo* 'dedication'
atturnjof,ˈætˌturɲɔf,V-VP,IMPF: to be dedicated/loyal to;PERF: to dedicate/swear allegiance to,CF: *atturgo* 'dedication'
atturanjh,ˈætˌturæɲ̊,V-VI,IMPF: to be dedicated/loyal to;PERF: to dedicate/swear allegiance to,CF: *atturgo* 'dedication'
atturgo,ˈætˌturgɔ,N-D,dedication (to a deity),FROM: *attür* 'to dedicate';CF: *turomh* 'loyal';CF: *atturum* 'fealty'
ghâudokko,ˈɣɑʊ̯ˌdɔkkɔ,N-D,deity;pantheon,
Vaśnjoqquoggo,ˈʋæɕɲ̊ɔɢˌɢuo̯ggɔ,N-D,The Pair of the Sky (Ienjaoge and Yinddźaoge),FROM: 'sky-dual'
Ienjaoge,ˈie̯ˌɲæo̯gɛ,N-D,God of the Night,FROM: 'night'
Yinddźaoge,ˈɟiɲɟˌɟ͡ʑæo̯gɛ,N-D,Goddess of the Day,FROM: 'day'
Tośquoggo,ˈtɔɕˌɢuo̯ggɔ,N-D,The Pair of Change (Tfencikke and Qu'ħusko),FROM: 'change-dual'
Tfencikke,ˈtfɛɲ̊ˌcikkɛ,N-D,Goddess of the Winds/Weather,
Qu'ħusko,ˈɢuʔˌħuskɔ,N-D,God of the Seasons/Harvests,FROM: 'year'
Camħeqquoggo,ˈcæm̥ħɛɢˌɢuo̯ggɔ,N-D,The Pair of Constancy (Xaqqêkke and Me'rheazge),FROM: 'to remain'
Xaqqêkke,ˈxæɢˌɢekkɛ,N-D,God of the Earth/Mountains,FROM: 'mountain'
Me'rheazge,ˈmɛʔˌr̥eɐ̯zgɛ,N-D,God of the Seas,FROM: 'sea'
Uħħuquoggo,ˈuħħuˌɢuo̯ggɔ,N-D,The Pair of Humanity/Human Worlds (Vaoñdvikke and Ljaearmikke),FROM: 'tribe'
Vaoñdvikke,ˈʋæo̯ɴˌdʋikkɛ,N-D,Goddess of Travels/Knowledge/The Living World,FROM: 'road'
Ljaearmikke,ˈʎæeɐ̯ˌrmikkɛ,N-D,Goddess of the Dead/Ancestors/The Spirit World,FROM: 'ancestor-help'
Esakkxikke,ˈɛsækˌkxikkɛ,N-D,"The Trio of Cycles (Ljiħħeimge, Qunljarge and Jêñghakke)",FROM: 'cycle-plur'
Ljiħħeimge,ˈʎiħˌħei̯mgɛ,N-D,Goddess of Creation/Birth/Health,
Qunljarge,ˈɢuɲˌʎærgɛ,N-D,God of Destruction/War/Disease,FROM: 'fight'
Jêñghakke,ˈjeɴˌɣækkɛ,N-D,The Watcher/The Balancer/The Judge,FROM: 'see'
Vônjoutśko,ˈʋoˌɲou̯c͡ɕkɔ,N-D,The Frost Bird,REG: vônjoubuħośko
Ħanjmitśko,ˈħæɲ̊ˌm̥ic͡ɕkɔ,N-D,The Flame Bird,REG: ħanjmipüħośko
Verxotśko,ˈʋɛr̥ˌxɔc͡ɕkɔ,N-D,The Rain Bird,REG: verxopüħośko
Pâenjattśko,ˈpɑe̯ˌɲæcc͡ɕkɔ,N-D,The Storm Bird,REG: pâenjappuħośko
Ghâeñoyattśko,ˈɣɑe̯ɴɔˌɟæcc͡ɕkɔ,N-D,The Mountain Bird,REG: ghâeñoyappuħośko
Vaśnjaontśko,ˈʋæɕˌɲ̊æo̯ɲ̊c͡ɕkɔ,N-D,The Mother Bird,
vôŕmosko,ˈʋoɹˌmɔskɔ,N-D,mammoth (legendary animal),
yiźmärrhänjh,ˈɟiʑˌmar̥r̥aɲ̊,N-A,idol / holy sculpture,
ljakke,ˈʎækkɛ,N-D,ancestor (general),CF *qamke* 'ancestor (personal)'
faondva,ˈfæo̯ndʋæ,V-PP,to celebrate / carouse,CF: *faondvikke* 'revelry'
ümaondva,ˈyˌmæo̯dnʋæ,V-PN,to celebrate / carouse,CF: *faondvikke* 'revelry'
faondva,ˈfæo̯ndʋæ,V-VP,to celebrate / carouse,CF: *faondvikke* 'revelry'
faondvae,ˈfæo̯nˌdʋæɛ,V-VI,to celebrate / carouse,CF: *faondvikke* 'revelry'
vôñolja,ˈʋoɴɔʎæ,V-PP,to play music,CF: *vôñoljikke* 'music'
vôxfieñelja,ˈʋoxˌfie̯ɴɛʎæ,V-PN,to play music,CF: *vôñoljikke* 'music'
vôośnjof,ˈʋoˌɔɕɲ̊ɔf,V-VP,to play music,CF: *vôñoljikke* 'music'
vôośanjh,ˈʋoˌɔɕæɲ̊,V-VI,to play music,CF: *vôñoljikke* 'music'
ma'ma,ˈmæʔm̥æ,V-PP,to dance,CF: *ma'mikke* 'dance'
âemcma,ˈɑe̯m̥cm̥æ,V-PN,to dance,CF: *ma'mikke* 'dance'
mamancef,ˈmæˌm̥æɲ̊cɛf,V-VP,to dance,CF: *ma'mikke* 'dance'
mamanjh,ˈmæm̥æɲ̊,V-VI,to dance,CF: *ma'mikke* 'dance'
fâendvuś,ˈfɑe̯ndʋuɕ,V-PP,to enjoy / to have fun,
ümaondvüś,ˈyˌmæo̯ndʋyɕ,V-PN,to enjoy / to have fun,
fâendvuśnjof,ˈfɑe̯nˌdʋuɕɲ̊ɔf,V-VP,to enjoy / to have fun,
fâendvuśanjh,ˈfɑe̯nˌdʋuɕæɲ̊,V-VI,to enjoy / to have fun,
Vae Rhüge,ˈʋæɛ ˈr̥ygɛ,N-D,The First Melt,celebration at the start of spring
Vae Yêrrhâugo,ˈʋæɛ ˈɟer̥r̥ɑʊ̯gɔ,N-D,The First Harvest,celebration at the start of autumn
Ulfärh Yêrrhâugo,ˈulfar̥ ˈɟer̥r̥ɑʊ̯gɔ,N-D,The Final Harvest,celebration at the end of autumn
rhüźaindükke,ˈr̥yʑæɪ̯nˌdykkɛ,N-H,spring messenger,
ħanħaśke,ˈħæn̥ˌħæɕkɛ,N-D,incense; smell of incense,"used for any aromatic/odorous fume, including cannabis;FROM *ħanħaśxanjh* 'smoke';CF: *ħanśanjh* 'odour'"
vômdo,ˈʋomdɔ,N-I,feast,
faondvikke,ˈfæo̯nˌʋikkɛ,N-D,festival;revelry,FROM: *faondva* 'to celebrate'
vôñoljikke,ˈʋoɴɔˌʎikkɛ,N-D,music,FROM: *vôñolja* 'to play music'
ma'mikke,ˈmæʔˌm̥ikkɛ,N-D,dance,FROM: *ma'ma* 'to dance'
varħacci,ˈʋær̥ˌħæcci,V-PP,IMPF: to hunt;PERF: to go on a hunt,
ümarħacci,ˈymær̥ˌħæcci,V-PN,IMPF: to hunt;PERF: to go on a hunt,
varħanjef,ˈʋær̥ˌħæɲ̊ɛf,V-VP,IMPF: to hunt;PERF: to go on a hunt,
varħainjh,ˈʋær̥ˌħæiɲ̊,V-VI,IMPF: to hunt;PERF: to go on a hunt,
niŕmao,ˈniɹmæo̯,V-PP,to collect / gather,
qêxxiŕmao,ˈɢexˌxiɹmæo̯,V-PN,to collect / gather,
niŕmao,ˈniɹmæo̯,V-VP,to collect / gather,
niŕmaoe,ˈniˌɹmæo̯ɛ,V-VI,to collect / gather,
varħaccin,ˈʋær̥ˌħæccin,N-H,hunter,
niŕmaon,ˈniɹmæo̯n,N-H,gatherer,
niŕmaovê,ˈniˌɹmæo̯ʋe,N-I,basket,
ljaħħa',ˈʎæħħæʔ,V-PP,to plough,
qêlħa',ˈɢelħæʔ,V-PN,to plough,
ljaħħa',ˈʎæħħæʔ,V-VP,to plough,
ljaħħae,ˈʎæħˌħæɛ,V-VI,to plough,
niŕe,ˈniɹɛ,V-PP,to sow,
qêxxiŕe,ˈɢexˌxiɹɛ,V-PN,to sow,
niŕe,ˈniɹɛ,V-VP,to sow,
niŕee,ˈniˌɹɛɛ,V-VI,to sow,
yêrrhâu,ˈɟer̥r̥ɑʊ̯,V-PP,to harvest,
yi'rhâu,ˈɟiʔr̥ɑʊ̯,V-PN,to harvest,
yêrrhâu,ˈɟer̥r̥ɑʊ̯,V-VP,to harvest,
yêrrhâuo,ˈɟer̥ˌr̥ɑʊ̯ɔ,V-VI,to harvest,
igmaħħê,ˈigˌmæħħe,N-I,crop field
tfaśħê,ˈtfæɕħe,N-I,orchard
igmaxxêum,ˈigˌmæxxum,N-H,farmer
ljaħê,ˈʎæħe,N-I,plough,
yêrrhâuë,ˈɟer̥ˌr̥ɑʊ̯ɤ,N-I,scythe,
ghoaâeħ,ˈɣoɐ̯ɑe̯ħ,N-I, fig,
ghuħħattśa,ˈɣuħˌħæcc͡ɕæ,N-I,fig tree,
arraźba,ærˈræʑbæ,N-I,olive,
arraźbitfśa,ærˈræʑˌbitfɕæ,N-I,olive tree,
urumva,ˈurumʋæ,N-I,pear,
urumvdvaśśa,ˈurumʋˌdʋæɕɕæ,N-I,pear tree,
muqqaś,ˈmuɢɢæɕ,N-I,peach,
muttśa,ˈmucc͡ɕæ,N-I,peach tree,
to'nja,ˈtɔʔɲ̊æ,N-I,almond,
to'njitfśa,ˈtɔʔˌɲ̊itfɕæ,N-I,almond tree,
icca,ˈiccæ,N-I,crop (any kind),
i'ma',ˈiʔm̥æʔ,N-I,barley (plant),
icce,ˈiccɛ,N-I,barley (grain),
tuñgma',ˈtuɴgmæʔ,N-I,sorghum (plant),
tuñgo,ˈtuɴgɔ,N-I,sorghum (grain),
nuomimpa',ˈnuo̯ˌmim̥pæʔ,N-I,soybean (plant),
nuomo,ˈnuo̯mɔ,N-I,soybean (bean),
yarhêamh,ˈɟæˌr̥eæm̥,N-I,kale,
vertfa,ˈʋɛr̥tfæ,N-I,cabbage,
vertfe,ˈʋɛr̥tfɛ,N-I,bok choy/small cabbage,
vertfśa,ˈʋɛr̥tfɕæ,N-I,tree/jersey cabbage,
qaordvnja,ˈɢæo̯rdʋɲæ,N-I,turnip,
ôrrhôo,ˈor̥ˌr̥oɔ,N-I,radish,
pâemva'uo,ˈpɑe̯mʋæʔˌuɔ,N-I,daikon,
parhêamh,ˈpæˌr̥eæm̥,N-I,mustard (plant/leaves),
parheamce,ˈpær̥ɛˌæm̥cɛ,N-I,mustard Seed,
ia,ˈiæ,N-I,gourd (any kind),
frhiia,ˈfr̥iˌiæ,N-I,pumpkin,
źearêa,ˈʑeɐ̯ˌreæ,N-I,sweet melon,
quñonjia,ˈɢuɴɔˌɲiæ,N-I,bitter melon,
jêźiia,ˈjeʑiˌiæ,N-I,'clear melon' (eg. cucumber),
rhêrhä,ˈr̥er̥a,N-I,pepper (any kind),
źearbrêrhä,ˈʑeɐ̯rˌbrer̥a,N-I,'sweet pepper' (capsicum),
rhe'rhêrhä,ˈr̥ɛʔˌr̥er̥a,N-I,'hot pepper' (chilli),
ljierva,ˈʎie̯rʋæ,N-I,flax fibre,
ljieröma',ˈʎie̯rømæʔ,N-I,flax plant,
merrhieña,ˈmɛr̥ˌr̥ie̯ɴæ,N-I,cannabis (drug),
merhma',ˈmɛr̥m̥æʔ,N-I,cannabis/hemp plant,
merrhielva,ˈmɛr̥ˌr̥ie̯lʋæ,N-I,hemp fibre,
arrömeñh,ærˈrømɛɴ̥,N-I,fungus,
mevänämtsig,meˈʋanamt͡ʃig,N-I,Shch. irrigation canal,FROM: Shch. /meˈvanamtsig/
ħeianjh,ˈħei̯æɲ̊,N-A,pig
qeianjh,ˈɢei̯æɲ̊,N-A,duck
maoanjh,ˈmæo̯æɲ̊,N-A,goat
ħe'ñieña,ˈħɛʔˌɴ̥ie̯ɴæ,N-I,pork
qe'ñieña,ˈɢɛʔˌɴ̥ie̯ɴæ,N-I,duck meat; (generally) poultry
maomñieña,ˈmæo̯mˌɴie̯ɴæ,N-I,goat meat
ħe'ħeii,ˈħɛʔˌħei̯i,N-I,pigsty
qeqqeii,ˈɢɛɢˌɢei̯i,N-I,duck farm
ma'maoi,ˈmæʔˌm̥æo̯i,N-I,goat pasture
voazzuoźñë,ˈʋoɐ̯zˌzuo̯ʑɴɤ,N-I,bee hive,REG: ârrhoazzuoźñë;FROM: *voaźñonjh* 'bee'
fimtśanjh,ˈfim̥c͡ɕæɲ̊,N-A,dog,REG: fi'mśanjh > stop<>m metathesised
viźo,ˈʋiʑɔ,V-PP,IMPF: to be spoilt;PERF: to spoil / rot,
ünmiźo,ˈyˌnmiʑɔ,V-PN,IMPF: to be spoilt;PERF: to spoil / rot,
viźaonjef,ˈʋiˌʑæo̯ɲɛf,V-VP,IMPF: to be spoilt;PERF: to spoil / rot,
viźaoanjh,ˈʋiˌʑæo̯æɲ̊,V-VI,IMPF: to be spoilt;PERF: to spoil / rot,
ħanħaś,ˈħæn̥ħæɕ,V,to smoke (food),FROM: *ħanħaśxanjh* 'smoke'
emrö,ˈɛmrø,V,to boil (trans),
cerh,ˈcɛr̥,V,to grind / mill / crush,
ħanco,ˈħæɲ̊cɔ,V-PP,to roast;(generally) to cook,
ienjâenco,ˈie̯ˌɲɑe̯ɲ̊cɔ,V-PN,to roast;(generally) to cook,
ħanco,ˈħæɲ̊cɔ,V-VP,to roast;(generally) to cook,
ħancaoñe,ˈħæɲ̊ˌcæo̯ɴɛ,V-VI,to roast;(generally) to cook,
frhicco,ˈfr̥iccɔ,V-PP,to dry (intrans),CAUS:to dry (trans)/to hang out to dry
neuricco,ˈnøʊ̯ˌriccɔ,V-PN,to dry (intrans),CAUS:to dry (trans)/to hang out to dry
frhicco,ˈfr̥iccɔ,V-VP,to dry (intrans),CAUS:to dry (trans)/to hang out to dry
frhiccaoñe,ˈfr̥icˌcæo̯ɴɛ,V-VI,to dry (intrans),CAUS:to dry (trans)/to hang out to dry
rhiicco,ˈr̥iˌiccɔ,V-PP,to fire / bake,
jêñrêicco,ˈjeɴreˌiccɔ,V-PN,to fire / bake,
rhiicco,ˈr̥iˌiccɔ,V-VP,to fire / bake,
rhiiccaoñe,ˈr̥iicˌcæo̯ɴɛ,V-VI,to fire / bake,
uotfu'a',ˈuo̯ˌtfuʔæʔ,V-PP,to skin,
quħħëtfu'a',ˈɢuħħɤˌtfuʔæʔ,V-PN,to skin,
uotfu'a',ˈuo̯ˌtfuʔæʔ,V-VP,to skin,
uodvu'ae,ˈuo̯dʋuʔˌæɛ,V-VI,to skin,
vetsieñ,ˈʋɛt͡ʃie̯ɴ,N-H,butcher,FROM: Shch. /ˈvɛʈ͡ʂieg/ 'butcher'
vetsieñ,ˈʋɛt͡ʃie̯ɴ,V,to butcher,FROM: noun
cerhqein,ˈcɛr̥ɢei̯n,N-H,baker,FROM: cerrhe' 'millstone'
cerrhe',ˈcɛr̥r̥ɛʔ,N-I,grindstone / millstone
ħancin,ˈħæɲ̊cin,N-H,campfire,
rhii'o,ˈr̥iˌiʔɔ,N-I,hearth / fireplace,
ħonjëmaimer,ˈħɔɲɤˌmæimer,N-I,kiln / oven,FROM: Shch. /hɑneˈma.imeɣ/
mro'ë,ˈmrɔʔɤ,N-I,bowl / container,
emrôo',ˈɛmˌroɔʔ,N-I,pot,
tfuolj,ˈtfuo̯ʎ,N-I,fork,
tfuonulj,ˈtfuo̯nuʎ,N-I,knife,
ârâu,ˈʌrɑʊ̯,N-I,spoon,
fiśśêr,ˈfiɕɕer,N-I,drying rack,
ñieña,ˈɴie̯ɴæ,N-I,meat (to eat),
eama,ˈeɐ̯mæ,N-I,egg,
meccieźya,ˈmɛcˌcie̯ʑɟæ,N-I,salt,
ghu'ienja,ˈɣuʔˌie̯ɲæ,N-I,honey,
rharreempa,ˈr̥ærrɛˌɛm̥pæ,N-I,mustard sauce,
rhe'rhe'a,ˈr̥ɛʔˌr̥ɛʔæ,N-I,ground chilli,
arraźbe'a,ærˈræʑˌbɛʔæ,N-I,olive oil,
quttśia,ˈɢucˌc͡ɕiæ,N-I,drinking water,
emreuź,ˈɛmrøʊ̯ʑ,N-I,boiling water;boiled water,
yampia,ˈɟæm̥ˌpiæ,N-I,milk (human and animal),
püañh,ˈpyæɴ̥,N-I,meat stew,
jereamañh,ˈjɛˌreɐ̯mæɴ̥,N-I,vegetable soup,
ħañqieña,ˈħæɴˌɢie̯ɴæ,N-I,roast meat,
qotto'o,ˈɢɔtˌtɔʔɔ,N-I,flour,
ħaoñma,ˈħæo̯ɴmæ,N-I,flatbread,
eślja,ˈɛɕʎæ,N-I,bread,FROM: Shch. /ˈɛsla/
sâeŕân,ˈsɑe̯ɹʌn,N-I,sweetened bread,
ienjöa,ˈie̯ɲøæ,N-I,mead,
cya,ˈcyæ,N-I,ale / beer,FROM: barley
rhätso,ˈr̥at͡ʃɔ,N-I,cheese,
qu'ñë,ˈɢuʔɴ̥ɤ,V-PP,to swell,
qu'fi'ñi,ˈɢuʔˌfiʔɴ̥i,V-PN,to swell,
qu'ñë,ˈɢuʔɴ̥ɤ,V-VP,to swell,
qu'ñiñe,ˈɢuʔˌɴ̥iɴɛ,V-VI,to swell,
vafnjaanjh,ˈʋæfˌɲ̊ææɲ̊,V-PP,IMPF: to be sick;PERF: to vomit,REG: vatfnjaanjh
ündvenjanjh,ˈynˌdʋɛɲ̊æɲ̊,V-PN,IMPF: to be sick;PERF: to vomit,REG: vatfnjaanjh
vafnja'njef,ˈʋæfˌɲ̊æʔɲ̊ɛf,V-VP,IMPF: to be sick;PERF: to vomit,REG: vatfnjaanjh
vafnjaanjh,ˈʋæfˌɲ̊ææɲ̊,V-VI,IMPF: to be sick;PERF: to vomit,REG: vatfnjaanjh
fiŕe,ˈfiɹɛ,V-PP,IMPF: to be healthy;PERF: to heal,
ünmiŕe,ˈyˌnmiɹɛ,V-PN,IMPF: to be healthy;PERF: to heal,
fiŕe'njef,ˈfiˌɹɛʔɲ̊ɛf,V-VP,IMPF: to be healthy;PERF: to heal,
fiŕeanjh,ˈfiˌɹɛæɲ̊,V-VI,IMPF: to be healthy;PERF: to heal,
tfuovnu,ˈtfuo̯ʋnu,V-PP,IMPF: to be safe;PERF: to find shelter,
jêtfuovnu,ˈjeˌtfuo̯ʋnu,V-PN,IMPF: to be safe;PERF: to find shelter,
tfuovnu'njof,ˈtfuo̯ʋˌnuʔɲ̊ɔf,V-VP,IMPF: to be safe;PERF: to find shelter,
tfuovnuanjh,ˈtfuo̯ʋˌnuæɲ̊,V-VI,IMPF: to be safe;PERF: to find shelter,
pfapfanjh,ˈpfæpfæɲ̊,V-PP,to sneeze,REG: pfatfanjh (changed by dissimilation w/ ħfatfanjh)
jêmvapfanjh,ˈjemˌʋæpfæɲ̊,V-PN,to sneeze,REG: pfatfanjh (changed by dissimilation w/ ħfatfanjh)
pfapfanjh,ˈpfæpfæɲ̊,V-VP,to sneeze,REG: pfatfanjh (changed by dissimilation w/ ħfatfanjh)
pfapfanje,ˈpfæˌpfæɲ̊ɛ,V-VI,to sneeze,REG: pfatfanjh (changed by dissimilation w/ ħfatfanjh)
ħfakfanjh,ˈħfækfæɲ̊,V-PP,to cough,REG: ħfatfanjh (changed by dissimilation w/ pfatfanjh)
ighaomakfanjh,ˈiɣæo̯ˌmækfæɲ̊,V-PN,to cough,REG: ħfatfanjh (changed by dissimilation w/ pfatfanjh)
ħfakfanjh,ˈħfækfæɲ̊,V-VP,to cough,REG: ħfatfanjh (changed by dissimilation w/ pfatfanjh)
ħfakfanje,ˈħfæˌkfæɲ̊ɛ,V-VI,to cough,REG: ħfatfanjh (changed by dissimilation w/ pfatfanjh)
gharhqâu,ˈɣær̥ɢɑʊ̯,V-PP,to bring to life;to energise,FROM: *gharh* 'alive/lively'
qêxxarhqâu,ˈɢexˌxær̥ɢɑʊ̯,V-PN,to bring to life;to energise,FROM: *gharh* 'alive/lively'
gharhqâu,ˈɣær̥ɢɑʊ̯,V-VP,to bring to life;to energise,FROM: *gharh* 'alive/lively'
gharhqâuo,ˈɣær̥ˌɢɑʊ̯ɔ,V-VI,to bring to life;to energise,FROM: *gharh* 'alive/lively'
vaśśüge,ˈʋæɕˌɕygɛ,V,to cleanse / purify,FROM: *vaśśüge* 'cleansing / period'
vaśśüge,ˈʋæɕˌɕygɛ,N-D,period / cleansing,FROM: *vaś(ke)-euź* 'moon-water'
tfuovnu,ˈtfuo̯ʋnu,N-I,safety,FROM: *tfuovnu* 'to be safe';CF: *tfuovo'* 'shelter'
fiŕin,ˈfiɹin,N-H,healer,FROM: *fiŕe* 'to heal'
ljêrêśke,ˈʎeˌreɕkɛ,N-D,(medicinal) ointment,FROM: *ljêrêś* 'to rub'
ma'rheuźge,ˈmæʔˌr̥øʊ̯ʑgɛ,N-D,(medicinal) drink / potion,FROM: *ma'reuź* 'tea'
ma'rheuź,ˈmæʔr̥øʊ̯ʑ,N-I,tea,FROM: *ma'-emreuź* 'flower-boiled.water'
caśikke,ˈcæɕˌikkɛ,N-D,enchanted bone,
ghu'iegge,ˈɣuʔˌie̯ggɛ,N-D,purifying honey,
tsurë,ˈt͡ʃurɤ,N-I,garlic
tsurma',ˈt͡ʃurmæʔ,N-I,garlic plant
caśśpa',ˈcæɕɕpæʔ,N-I,cinnamon,CF: *suppa'* 'tree bark' 
caśśpattśa,ˈcæɕˈɕpæcc͡ɕæ,N-I,cinnamon tree
murveuź,ˈmurʋøʊ̯ʑ,N-I,myrrh,CF: *tśeuź* 'resin'
mureftśa,ˈmuˌrɛfc͡ɕæ,N-I,myrrh tree
uruzqâugou,ˈuruzˌɢɑʊ̯gou̯,ADJ,short- or long-sighted,FROM: *uruzqâu* 'to darken'
âumuzqâugou,ɑʊ̯ˈmuzˌɢɑʊ̯gou̯,ADJ,hard of hearing/nearly deaf,FROM: *âumuzqâu* 'to soften'
jêxieñgha',ˈjeˌxie̯ɴɣæʔ,ADJ,blind,FROM: 'to see (neg)'
yañqarrê,ˈɟæɴˌɢærre,ADJ,deaf,FROM 'to hear (neg)'
yümömê,ˈɟymøme,ADJ,dumb / mute,FROM: *i-ulompë* 'not-wise'
gharh,ˈɣær̥,ADJ,alive;lively,CF: *gharke* 'life'
xaśonj,ˈxæɕɔɲ,N-H,person (common),CF REG: *arrhaśonj* (frm)
arrhaśonj,ær̥ˈr̥æɕɔɲ,N-H,person (formal),
ghomonj,ˈɣɔmɔɲ,N-H,woman,
komponj,ˈkɔm̥pɔɲ,N-H,man (common),CF REG *ko'amponj*
ko'amponj,ˈkɔʔˌæm̥pɔɲ,N-H,man (formal),
cfärrhânj,ˈcfar̥r̥ʌɲ,N-H,child,both general & specific;REG: yarhfärrhânj;CF: *yerrhenj* 'baby'
yerrhenj,ˈɟɛr̥r̥ɛɲ,N-H,baby,
yaśtanj,ˈɟæɕtæɲ,N-H,friend,FROM: *yaśta* 'friendly'
uruum,ˈuruum,N-H,sadness,CF: *uruë* 'sad'
śoħum,ˈɕɔħum,N-H,happiness,CF: *śoħuo* 'happy'
tfâemâego,ˈtfɑe̯ˌmɑe̯gɔ,N-D,tranquility / calmness,CF: *tfâemo* 'calm'
muoñoumë,ˈmuo̯ˌɴou̯mɤ,N-I,agitation / jumpiness,CF: *iħħöni* 'agitated'
muneure,ˈmuˌnøʊ̯rɛ,N-I,strangeness / foreignness,CF: *yeure* 'strange'
tukko,ˈtukkɔ,N-D,trueness / veracity,CF: *tu'* 'true'
tutto,ˈtuttɔ,N-I,truth / fact,CF: *tu'* 'true'
âumuźonj,ɑʊ̯ˈmuʑɔɲ,N-H,care,CF: *âumuź* 'soft'
mâeħâugo,ˈmɑe̯ˌħɑʊ̯gɔ,N-D,beauty,CF: *moħâu* 'beautiful'
murgo,ˈmurgɔ,N-D,ugliness,CF: *murë* 'ugly'
muomikke,ˈmuo̯ˌmikkɛ,N-D,fertility,CF: *ma'ma'* 'fertile'
muogźa,ˈmuo̯gʑæ,N-I,skillfulness / ability,CF: *kiśśa* 'skillful'
muijomh,ˈmuɪ̯jɔm̥,N-I,pride,CF: *gheħħemh* 'proud'
moarâljë',ˈmoɐ̯rʌʎɤʔ,N-I,might,CF: *arralji'* 'mighty'
muikke,ˈmuˌikkɛ,N-D,greatness / magnificence,CF: *yikkiś* 'great'
qâuanjh,ˈɢɑʊ̯æɲ̊,ADJ,civilised / sentient,FROM: 'to think'
jêqâuanjh,ˈjeˌɢɑʊ̯æɲ̊,ADJ,wild / barbarian / non-sentient,FROM: 'to think (neg)'
ârvo',ʌrˈʋɔʔ,ADJ,ignorant,FROM: 'to ignore'
qâuga,ˈɢɑʊ̯gæ,ADJ,curious / knowledge-thirsty,FROM: 'to find out/know'
gheħħemh,ˈɣɛħħɛm̥,ADJ,proud,
arralji',ærˈræʎiʔ,ADJ,mighty,
aśśo,ˈæɕɕɔ,ADJ,smug,
yikkiś,ˈɟikkiɕ,ADJ,great / magnificent,
yikkemh,ˈɟikkɛm̥,ADJ,noble / 'upper class',FROM: *yikkiś* 'great'
pefśe,ˈpɛfɕɛ,ADJ,humble,
yaśta,ˈɟæɕtæ,ADJ,friendly / amicable,
ħouźo,ˈħou̯ʑɔ,ADJ,good-natured,CF: *ħou* 'good'
loffâeñanjh,ˈlɔfˌfɑe̯ɴæɲ̊,ADJ,honest / truthful,FROM: *ulo-vaoñanjh* 'with-head'
loanjempanjh,ˈloɐ̯ˌɲɛm̥pæɲ̊,ADJ,violent,FROM: *ulo-ħanjmanjh* 'with-fire'
loħħanħaś,ˈlɔħˌħæn̥ħæɕ,ADJ,angry,FROM: *ulo-ħanħaś(xanjh)* 'with-smoke'
ulokku,ˈulɔkku,ADJ,rich,FROM: *ulo-ku'* 'with-much'
ulârrhâ,ˈulʌr̥r̥ʌ,ADJ,poor,FROM: *ulo-xê* 'with-little'
ulompë,ˈulɔm̥pɤ,ADJ,wise (lit. with wisdom),
uruë,uˈruɤ,ADJ,sad,CF: *uruum* 'sadness'
śoħuo,ˈɕɔħuo̯,ADJ,happy,CF: *śoħum* 'happiness'
tfâemo,ˈtfɑe̯mɔ,ADJ,calm,CF: *tfâemâego* 'calmness'
iħħöni,ˈiħˌħøni,ADJ,agitated,CF: *muoñoumë* 'agitation'
yeure,ˈɟøʊ̯rɛ,ADJ,strange / foreign,CF: *muneure* 'strangeness'
moħâu,ˈmɔħɑʊ̯,ADJ,beautiful,CF: *mâeħâugo* 'beauty'
murë,ˈmurɤ,ADJ,ugly,CF: *murgo* 'ugliness'
fasa,ˈfæsæ,ADJ,comfortable,
yümasa,ˈɟyˌmæsæ,ADJ,uncomfortable,
ma'ma',ˈmæʔm̥æʔ,ADJ,fertile,CF: *muomikke* 'fertility'
yamma',ˈɟæm̥m̥æʔ,ADJ,infertile,
kiśśa,ˈkiɕɕæ,ADJ,skillful / capable / able,CF: *muogźa* 'skillfulness'
jêgźa,ˈjegʑæ,ADJ,clumsy / incapable,
turomh,ˈturɔm̥,ADJ,loyal,CF: *turmikke* 'loyalty';CF: *atturum* 'fealty'
cfärrhâ,ˈcfar̥r̥ʌ,ADJ,childish / puerile;child-like,no neg. connot. when used for children;back-formed FROM: *cfärrhânj* 'child'
frhiffa,ˈfr̥iffæ,ADV,strangely,
ârrônjofa,ʌrˈroɲɔˌɣɔfæ,ADV,powerfully,
arraljippafa,ærˈræʎipˌpæfæ,ADV,mightily,
moayofa,ˈmoɐ̯ˌɟɔfæ,ADV,directly,
ljouvonjofa,ˈʎou̯ʋɔˌɲ̊ɔfæ,ADV,honestly / truthfully,
ljëñghëmbofa,ˈʎɤɴɣɤmˌbɔfæ,ADV,evidently / clearly,
loanjombnjofa,ˈloɐ̯ɲɔmˌbɲɔfæ,ADV,violently,
loħħanħaoafa,ˈlɔħħæn̥ˌħæo̯æfæ,ADV,angrily,
ulompofa,ˈulɔm̥ˌpɔfæ,ADV,wisely,
quo'oñqo,ˈɢuo̯ˌʔɔɴɢɔ,V,IMPF: to be married;PERF: to marry,Stems based on -qo suffix;FROM *quo'onj* 'married couple'
ljantür,ˈʎæn̥tyr,V-PP,to pass down,
qêśśantür,ˈɢeɕˌɕæn̥tyr,V-PN,to pass down,
ljantür,ˈʎæn̥tyr,V-VP,to pass down,
ljanturo,ˈʎæn̥ˌturɔ,V-VI,to pass down,
ljanjom,ˈʎæɲ̊ɔm,V-PP,to inherit;to descend from,ACC/DAT: inherited thing;GEN: ancestor
qêśśanjom,ˈɢeɕˌɕæɲ̊ɔm,V-PN,to inherit;to descend from,ACC/DAT: inherited thing;GEN: ancestor
ljanjom,ˈʎæɲ̊ɔm,V-VP,to inherit;to descend from,ACC/DAT: inherited thing;GEN: ancestor
ljanjaoe,ˈʎæɲ̊ˌæo̯ɛ,V-VI,to inherit;to descend from,ACC/DAT: inherited thing;GEN: ancestor
quo'onj,ˈɢuo̯ʔɔɲ,N-H.d,married couple,FROM *quonj-onj* 'two-person'
vaxxonj,ˈʋæxxɔɲ,N-H,wife,
źimqonj,ˈʑim̥ɢɔɲ,N-H,husband,
vexxênj,ˈʋɛxxeɲ,N-H,female consort / concubine;mistress,
źimqênj,ˈʑim̥ɢeɲ,N-H,male consort / concubine;male 'mistress',
ka'monj,ˈkæʔm̥ɔɲ,N-H,mother,
ħrhiemonj,ˈħr̥ie̯mɔɲ,N-H,father,
ka'anj,ˈkæʔæɲ,N-H,mum,
ħemenj,ˈħɛmɛɲ,N-H,dad,
ko'mënj,ˈkɔʔm̥ɤɲ,N-H,grandmother,
ħrhiemênj,ˈħr̥ie̯meɲ,N-H,grandfather,
ħumka'onj,ˈħumˌkæʔɔɲ,N-H,sibling,FROM: *ħum-ka'monj-onj* 'from-mother-person'
qamke,ˈɢæm̥kɛ,N-D,ancestor (personal),CF *ljakke* 'ancestor (in general)'
ħumqamponj,ˈħumˌɢæm̥pɔɲ,N-H,family/clan member,FROM: *ħum-qamke-onj* 'from-ancestor-person'
ħumqampaonyex,ˈħumɢæm̥ˌpao̯ɲɟɛx,N-H.pl,(extended) family / clan,
uljerhfârh,ˈuʎɛr̥fʌr̥,ADJ,pregnant,FROM: *ulo-yerhfärrhânj* 'with-baby'
quljo,ˈɢuʎɔ,V-PP,IMPF: to lack / be missing (trans);PERF: to lose / misplace,PASS = to be/get lost,
quźjüme,ˈɢuʑˌjymɛ,V-PN,IMPF: to lack / be missing (trans);PERF: to lose / misplace,PASS = to be/get lost,
quljnjof,ˈɢuʎɲɔf,V-VP,IMPF: to lack / be missing (trans);PERF: to lose / misplace,PASS = to be/get lost,
quljonjh,ˈɢuʎɔɲ̊,V-VI,IMPF: to lack / be missing (trans);PERF: to lose / misplace,PASS = to be/get lost,
vaonya,ˈʋæo̯ɲɟæ,V-PP,to mark,
qêħħaonya,ˈɢeħˌħæo̯ɲɟæ,V-PN,to mark,
vaonya,ˈʋæo̯ɲɟæ,V-VP,to mark,
vaonyae,ˈʋæo̯ɲˌɟæɛ,V-VI,to mark,
vaonvra,ˈʋæo̯nʋræ,V-PP,to draw,
qêħħaonvra,ˈɢeħˌħæo̯nʋræ,V-PN,to draw,
vaonvra,ˈʋæo̯nʋræ,V-VP,to draw,
vaonvrae,ˈʋæo̯nˌʋræɛ,V-VI,to draw,
fxuntu,ˈfxun̥tu,V-PP,to borrow,
eumênü,ˈøʊ̯meny,V-PN,to borrow,
fxuntu,ˈfxun̥tu,V-VP,to borrow,
fxuntuño,ˈfxun̥ˌtuɴɔ,V-VI,to borrow,
yêre,ˈɟerɛ,V-PP,to agree,GEN: thing agreed upon;DAT: person agreed with;CF REG: *yêre (yearainjef)* 'to follow'
yiźêre,ˈɟiˌʑerɛ,V-PN,to agree,GEN: thing agreed upon;DAT: person agreed with;CF REG: *yêre (yearainjef)* 'to follow'
yearef,ˈɟeɐ̯rɛf,V-VP,to agree,GEN: thing agreed upon;DAT: person agreed with;CF REG: *yêre (yearainjef)* 'to follow'
yearanjh,ˈɟeɐ̯ræɲ̊,V-VI,to agree,GEN: thing agreed upon;DAT: person agreed with;CF REG: *yêre (yearainjef)* 'to follow'
yaorüm,ˈɟæo̯rym,V-PP,to disagree,GEN: thing disagreed upon;DAT: person disagreed with,
yaiörüm,ˈɟæɪ̯ørym,V-PN,to disagree,GEN: thing disagreed upon;DAT: person disagreed with,
yaorüm,ˈɟæo̯rym,V-VP,to disagree,GEN: thing disagreed upon;DAT: person disagreed with,
yaoruomo,ˈɟæo̯ˌruo̯mɔ,V-VI,to disagree,GEN: thing disagreed upon;DAT: person disagreed with,
püvoħ,ˈpyʋɔħ,V-PP,to argue,GEN: thing argued over;DAT: person argued with,
jêmvoħ,ˈjemʋɔħ,V-PN,to argue,GEN: thing argued over;DAT: person argued with,
püvoħ,ˈpyʋɔħ,V-VP,to argue,GEN: thing argued over;DAT: person argued with,
piffaħe,ˈpifˌfæħɛ,V-VI,to argue,GEN: thing argued over;DAT: person argued with,
kxâudvui,ˈkxɑʊ̯dʋuɪ̯,V-PP,to warn,
jêñghâudvui,ˈjeɴˌɣɑʊ̯dʋuɪ̯,V-PN,to warn,
kxâudvui,ˈkxɑʊ̯dʋuɪ̯,V-VP,to warn,
kxâudvuio,ˈkxɑʊ̯ˌdʋuɪ̯ɔ,V-VI,to warn,
ñärrhör,ˈɴar̥r̥ør,V-PP,to meet,
âeñrhoar,ˈɑe̯ɴ̥r̥oɐ̯r,V-PN,to meet,
ñärrhör,ˈɴar̥r̥ør,V-VP,to meet,
ñärrhoarâ,ˈɴar̥ˌr̥oɐ̯rʌ,V-VI,to meet,
va'fonj,ˈʋæʔfɔɲ,V-PP,to shout,
üma'fonj,ˈyˌmæʔfɔɲ,V-PN,to shout,
va'fonj,ˈʋæʔfɔɲ,V-VP,to shout,
va'faonje,ˈʋæʔˌfæo̯ɲɛ,V-VI,to shout,
yatfa,ˈɟætfæ,V-PP,IMPF:to be amused;PERF: to laugh,CAUS = to amuse;NEG.PART commonly rep'd with reg. quyatfa,
yatfa,ˈɟætfæ,V-PN,IMPF:to be amused;PERF: to laugh,CAUS = to amuse;NEG.PART commonly rep'd with reg. quyatfa,
yaftnjef,ˈɟæftɲ̊ɛf,V-VP,IMPF:to be amused;PERF: to laugh,CAUS = to amuse;NEG.PART commonly rep'd with reg. quyatfa,
yaftanjh,ˈɟæftæɲ̊,V-VI,IMPF:to be amused;PERF: to laugh,CAUS = to amuse;NEG.PART commonly rep'd with reg. quyatfa,
vâeo,ˈʋɑe̯ɔ,V-PP,IMPF: to be shocked;PERF: to get shocked,CAUS = to shock,
ümaoe,ˈyˌmæo̯ɛ,V-PN,IMPF: to be shocked;PERF: to get shocked,CAUS = to shock,
vâeoñqof,ˈʋɑe̯ˌɔɴɢɔf,V-VP,IMPF: to be shocked;PERF: to get shocked,CAUS = to shock,
vâeoñh,ˈʋɑe̯ɔɴ̥,V-VI,IMPF: to be shocked;PERF: to get shocked,CAUS = to shock,
va'ñärh,ˈʋæʔɴ̥ar̥,V-PP,to meet / hold a meeting,FROM *vaaś + ñärrhör* 'say + meet'
ünyeñärh,ˈyɲɟɛɴar̥,V-PN,to meet / hold a meeting,FROM *vaaś + ñärrhör* 'say + meet'
va'ñärh,ˈʋæʔɴ̥ar̥,V-VP,to meet / hold a meeting,FROM *vaaś + ñärrhör* 'say + meet'
va'ñärha,ˈʋæʔˌɴ̥ar̥æ,V-VI,to meet / hold a meeting,FROM *vaaś + ñärrhör* 'say + meet'
ljandü,ˈʎæɲdy,V,to send (a message),FROM: *ljanji* 'to give'
poarânj,ˈpoɐ̯rʌɲ,N-H,name,
poarâkko,ˈpoɐ̯ˌrʌkkɔ,N-D,ruler name (extra name chosen by ruler),
vaħħeinanjh,ˈʋæħˌħei̯næɲ̊,N-A,argument,
zuomanjh,ˈzuo̯mæɲ̊,N-A,speech / voice / words,words is sing. unless there are multiple 'speeches'
zuomum,ˈzuo̯mum,N-H,orator,
zuñgo,ˈzuɴgɔ,N-D,eulogy,FROM: *zuom* 'words'
ljandünj,ˈʎæɲdyɲ,N-H,messenger
ulompëqoñ tśarix qamke qâ,ˈulɔm̥pɤɢɔɴ ˈc͡ɕær̥ix ˈɢæm̥kɛ ɢʌ,PHR,hello/good day (formal);lit. your ancestors are wise,sub źieñix for tśarix if plural
tśar-lom-ke,ˈc͡ɕær̥ˌlɔm̥kɛ,PHR,hello/good day (common),sub źieñ for tśar if plural
fi-peś-ke,ˈfiˌpɛɕkɛ,PHR,sorry;lit. my humble ancestors,FROM: *fix pefśe qamke*
tśar-ħouś-ke,ˈc͡ɕær̥ˌħou̯ɕkɛ,PHR,thank you;lit. your good-natured ancestors,FROM: *tśar ħouźo qamke*
ħouś,ˈħou̯ɕ,PHR,you're welcome;lit. good-natured X,usually followed by the name of an ancestor
ljañkeu,ˈʎæɴ̥køʊ̯,N-I,gift / dowry,FROM: *ljanjikeu* '(thing) given';FROM: *ljanji* 'to give'
uiomë,ˈuɪ̯ɔmɤ,V-PP,IMPF: to have children;PERF: to give birth,IMPF: as in 'they have 3 children';CF: *ljomë* 'create'
quśħâmpë,ˈɢuɕˌħʌm̥pɤ,V-PN,IMPF: to have children;PERF: to give birth,IMPF: as in 'they have 3 children';CF: *ljomë* 'create'
uiomieñef,ˈuɪ̯ɔˌmie̯ɴɛf,V-VP,IMPF: to have children;PERF: to give birth,IMPF: as in 'they have 3 children';CF: *ljomë* 'create'
uiomëñ,ˈuɪ̯ɔmɤɴ,V-VI,IMPF: to have children;PERF: to give birth,IMPF: as in 'they have 3 children';CF: *ljomë* 'create'
camħe,ˈcæm̥ħɛ,V-PP,IMPF: to inhabit / live in;PERF: to settle,CF ORIG: *camh* 'remain'
jêcamħe,ˈjeˌcæm̥ħɛ,V-PN,IMPF: to inhabit / live in;PERF: to settle,CF ORIG: *camh* 'remain'
camñef,ˈcæmɴɛf,V-VP,IMPF: to inhabit / live in;PERF: to settle,CF ORIG: *camh* 'remain'
camħeñh,ˈcæm̥ħɛɴ̥,V-VI,IMPF: to inhabit / live in;PERF: to settle,CF ORIG: *camh* 'remain'
vaoñdvanjh,ˈʋæo̯ɴdʋæɲ̊,N-A,road,
vaoñdvin,ˈʋæo̯ɴdʋin,N-H,traveller / wayfarer,
vâeñdvum,ˈʋɑe̯ɴdʋum,N-H,pioneer / trailblazer,
aħak,ˈæħæk,N-I,house / hut,
camħenjh,ˈcæm̥ħɛɲ̊,N-A,home / resting place,
vaoñüccamħenjh,ˈʋæo̯ɴycˌcæm̥ħɛɲ̊,N-A,lodge / caravanserai,
erriemvaonj,ɛrˈrie̯mʋæo̯ɲ,N-H,outpost / colony,FROM: 'far + camp'
yiŕea,ˈɟiɹeɐ̯,V-PP,to arrange / organise,
yiźiŕea,ˈɟiˌʑiɹeɐ̯,V-PN,to arrange / organise,
yiŕea,ˈɟiɹeɐ̯,V-VP,to arrange / organise,
yiŕâeo,ˈɟiˌɹɑe̯ɔ,V-VI,to arrange / organise,
qa'rhäħħonj,ˈɢæʔˌr̥aħħɔɲ,N-H,team,
uħħuononj,ˈuħˌħuo̯nɔɲ,N-H,tribe / group,
uħħuonanjh,ˈuħˌħuo̯næɲ̊,N-A,tribal/common language,
meħħaonjonj,ˈmɛħˌħæo̯ɲɔɲ,N-H,camp,
yeħħonj,ˈɟɛħħɔɲ,N-H,territory;land / region,land claimed by a *state/tribe* or with a boundary;FROM: *yeħħa* 'land'
vakkuoñanj,ˈʋækˌkuo̯ɴæɲ,N-H,domain / territory,land ruled by a ruler/authority;FROM: *vakkênj-ñaħ* 'king-place'
qu'njonj,ˈɢuʔɲ̊ɔɲ,N-H,settlement,
oionj,ˈɤɪ̯ɔɲ,N-H,town,
âuvghënj,ˈɑʊ̯ʋɣɤɲ,N-H,city,
tfuovo',ˈtfuo̯ʋɔʔ,N-I,shelter;haven / harbour,CF: *tfuovnu* 'safety'
śâeño',ˈɕɑe̯ɴɔʔ,V-PP,to enslave,
jênljaoñe',ˈjeɲˌʎæo̯ɴɛʔ,V-PN,to enslave,
śâeño',ˈɕɑe̯ɴɔʔ,V-VP,to enslave,
śaoee,ˈɕæo̯ˌɛɛ,V-VI,to enslave,
śâermë,ˈɕɑe̯rmɤ,V-PP,to free / liberate,
jênljaormê,ˈjeɲˌʎæo̯rme,V-PN,to free / liberate,
śâermë,ˈɕɑe̯rmɤ,V-VP,to free / liberate,
śaormieñe,ˈɕæo̯rˌmie̯ɴɛ,V-VI,to free / liberate,
a'muk,ˈæʔm̥uk,V,to be/get into debt
a'muñ-ñuo,ˈæʔm̥uɴˌɴuo̯,V,to perform a duty;to repay debt,FROM: *a'muk-ñuo* 'debt-work'
vakkêñ-ñuo,ˈʋækkeɴˌɴuo̯,V,to rule as a king,FROM: *vakkênj* 'king'
Fieggeħħuogo,ˈfie̯ggɛħˌħuo̯gɔ,N-D,the Central Kingdom,
Vottuogo,ˈʋɔtˌtuo̯gɔ,N-D,king (of the Central Kingdom),
vâeâemënj,ˈʋɑe̯ˌɑe̯mɤɲ,N-H,capital city,
vaħħonj,ˈʋæħħɔɲ,N-H,elder / senior,
vakkeħħonj,ˈʋækˌkɛħħɔɲ,N-H,kingdom,
vakkênj,ˈʋækkeɲ,N-H,king,
âenonj,ˈɑe̯nɔɲ,N-H,master / boss,
kuinjum,ˈkuɪ̯ɲum,N-H,guard,
eppenjh,ˈɛppɛɲ̊,N-A,slave,
jêñghappin,ˈjeɴˌɣæppin,N-H,judge / mediator,FROM: *Jêñghakke* 'The Judge (deity)'
a'mukko,ˈæʔˌm̥ukkɔ,N-D,duty / obligation;debt,
turmikke,ˈturˌmikkɛ,N-D,loyalty,CF: *turomh* 'loyal'
atturum,ˈætˌturum,N-H,fealty / allegiance,CF: *turomh* 'loyal';CF: *atturgo* 'dedication (to a god)'
jêñghakkuolgo,ˈjeɴɣækˌkuo̯lgɔ,N-D,justice / balance,CF: *jêñghappin* 'judge'
ljyzötênj,ˈʎyzøteɲ,N-H,Shch. king,FROM: Shch. /ˈlivʐoʈe/
Sêtsaoeren,seˈt͡ʃæo̯ˌɛrɛn,N-H,Shechageghern language/people,FROM: *Shechageghern /ʂeˈʈ͡ʂageɣeɳ/* (endonym)
sighegäxom,siˈɣegaxom,N-I,astronomy,FROM: Shch. /ʂiˈɣegaxom/
xidmê,ˈxidme,N-I,accounting / recordkeeping,FROM: Shch. /ˈhidme/
xidmênj,ˈxidmeɲ,N-H,recordkeeper,FROM: *xidmê* 'accounting'
ulqâugge,ulˈɢɑʊ̯ggɛ,ADJ,knowledgeable,FROM: *ul-qâugge* 'with-knowledge'
ulompënj,ˈulɔm̥pɤɲ,N-H,elder / wise person;someone with much experience,FROM: *ulompë* 'wise'
ulqâuggenj,ulˈɢɑʊ̯ggɛɲ,ADJ,sage / wise person;someone who knows facts,FROM: *ulqâugge* 'knowledgeable'
ârvo'onj,ʌrˈʋɔʔɔɲ,N-H,ignoramus;(generally) idiot,FROM: *ârvo'* 'to ignore'
qâuganj,ʌrˈʋɔʔɔɲ,N-H,knowledge-seeker,FROM: *qâuga* 'to find out/know'
mâezuk,ˈmɑe̯zuk,V-PP,IMPF: to trade in X;PERF: to trade,
âempâezuk,ˈɑe̯m̥ˌpɑe̯zuk,V-PN,IMPF: to trade in X;PERF: to trade,
mâezuk,ˈmɑe̯zuk,V-VP,IMPF: to trade in X;PERF: to trade,
mâezuko,ˈmɑe̯ˌzukɔ,V-VI,IMPF: to trade in X;PERF: to trade,
ħârpë,ˈħʌr̥pɤ,V-PP,IMPF: to be prosperous;PERF: to prosper,
ienjâerpë,ˈie̯ˌɲɑe̯r̥pɤ,V-PN,IMPF: to be prosperous;PERF: to prosper,
ħârpuoñof,ˈħʌr̥ˌpuo̯ɴɔf,V-VP,IMPF: to be prosperous;PERF: to prosper,
ħârpëñ,ˈħʌr̥pɤɴ,V-VI,IMPF: to be prosperous;PERF: to prosper,
elljeñi,ɛʎˈʎɛɲ̊i,V,to sell,FROM: Shch. /ˈɣlɛŋki/
uorâu,ˈuo̯rɑʊ̯,N-I,(trade) goods,
müaodvonj,ˈmyˌæo̯dʋɔɲ,N-H,central square / market,
suozaz,ˈsuo̯zæz,N-I,value / price,FROM: Shch. /ˈʂuʐaʐ/
vaodri,ˈʋæo̯dri,V-PP,to sing,IMPF default;CF REG: *vanħaonöri* '> praise'
ümaodri,ˈyˌmæo̯dri,V-PN,to sing,IMPF default;CF REG: *vanħaonöri* '> praise'
vodrëñqof,ˈʋɔˌdrɤɴɢɔf,V-VP,to sing,IMPF default;CF REG: *vanħaonöri* '> praise'
vaodriñh,ˈʋæo̯driɴ̥,V-VI,to sing,IMPF default;CF REG: *vanħaonöri* '> praise'
venmenjh,ˈʋɛn̥m̥ɛɲ̊,V-PP,to play (game),IMPF default,
nünjmenjh,ˈnyɲ̊m̥ɛɲ̊,V-PN,to play (game),IMPF default,
venjmencef,ˈʋɛɲ̊ˌm̥ɛɲ̊cɛf,V-VP,to play (game),IMPF default,
venjmenjh,ˈʋɛɲ̊m̥ɛɲ̊,V-VI,to play (game),IMPF default,
ljaħħuoljë,ˈʎæħˌħuo̯ʎɤ,V-PP,to kill in battle,
quśħuoljë,ˈɢuɕˌħuo̯ʎɤ,V-PN,to kill in battle,
ljaħħuoljë,ˈʎæħˌħuo̯ʎɤ,V-VP,to kill in battle,
ljaħħeuuoño,ˈʎæħħøʊ̯ˌuo̯ɴɔ,V-VI,to kill in battle,
vônjë,ˈʋoɲɤ,V-PP,to capture / take in battle,
vôxfienji,ˈʋoxˌfie̯ɲi,V-PN,to capture / take in battle,
vônjë,ˈʋoɲɤ,V-VP,to capture / take in battle,
vônjiñe,ˈʋoɲˌiɴɛ,V-VI,to capture / take in battle,
ħanjmo,ˈħæɲ̊m̥ɔ,V-PP,to set on fire,FROM: *ħanjm(anjh)* 'fire'
ighenjempo,ˈiɣɛˌɲɛm̥pɔ,V-PN,to set on fire,FROM: *ħanjm(anjh)* 'fire'
ħanjmo,ˈħæɲ̊m̥ɔ,V-VP,to set on fire,FROM: *ħanjm(anjh)* 'fire'
ħanjmaoñe,ˈħæɲ̊ˌm̥æo̯ɴɛ,V-VI,to set on fire,FROM: *ħanjm(anjh)* 'fire'
qamfonj,ˈɢæm̥fɔɲ,V-PP,to entreat (one's ancestors),
jêqamfonj,ˈjeˌɢæm̥fɔɲ,V-PN,to entreat (one's ancestors),
qamfonj,ˈɢæm̥fɔɲ,V-VP,to entreat (one's ancestors),
qamfaonje,ˈɢæm̥ˌfæo̯ɲɛ,V-VI,to entreat (one's ancestors),
qompi'fênj,ˈɢɔm̥ˌpiʔfeɲ,V-PP,to shout a battlecry,
jêñempi'fênj,ˈjeɴɛm̥ˌpiʔfeɲ,V-PN,to shout a battlecry,
qompi'fênj,ˈɢɔm̥ˌpiʔfeɲ,V-VP,to shout a battlecry,
qompë'fuonjo,ˈɢɔm̥pɤʔˌfuo̯ɲɔ,V-VI,to shout a battlecry,
xuorva,ˈxuo̯rʋæ,V-PP,to scout / explore,
jêñghuorva,ˈjeɴˌɣuo̯rʋæ,V-PN,to scout / explore,
xuorva,ˈxuo̯rʋæ,V-VP,to scout / explore,
xuorvae,ˈxuo̯rˌʋæɛ,V-VI,to scout / explore,
vôonj,ˈʋoɔɲ,V-PP,to defeat,
vôxfionj,ˈʋoxˌfiɔɲ,V-PN,to defeat,
vôonj,ˈʋoɔɲ,V-VP,to defeat,
vôâenjo,ˈʋoˌɑe̯ɲɔ,V-VI,to defeat,
vôlljonj,ˈʋoʎʎɔɲ,V-PP,to lose (a battle/game),REG: vôggoljonj
vôxfielljonj,ˈʋoxˌfie̯ʎʎɔɲ,V-PN,to lose (a battle/game),REG: vôggoljonj
vôlljonj,ˈʋoʎʎɔɲ,V-VP,to lose (a battle/game),REG: vôggoljonj
vôlljonjo,ˈʋoʎˌʎɔɲɔ,V-VI,to lose (a battle/game),REG: vôggoljonj
aljarni,æˈʎærn̥i,V-PP,to give up / surrender,REG: arraljanji;CF ORIG: *ljoña'* 'to give'
nearranji,ˈneɐ̯rˌræɲ̊i,V-PN,to give up / surrender,REG: arraljanji;CF ORIG: *ljoña'* 'to give'
aljarni,æˈʎærn̥i,V-VP,to give up / surrender,REG: arraljanji;CF ORIG: *ljoña'* 'to give'
aljartiñe,æˈʎærˌtiɴɛ,V-VI,to give up / surrender,REG: arraljanji;CF ORIG: *ljoña'* 'to give'
pôrä,ˈpora,V-PP,to charge;to run,
jêpôrä,ˈjeˌpora,V-PN,to charge;to run,
pôrä,ˈpora,V-VP,to charge;to run,
pôräe,ˈpoˌraɛ,V-VI,to charge;to run,
moaonj,ˈmoɐ̯ɔɲ,V-PP,to face (head on),FROM: *moa'* 'against'
âemħonj,ˈɑe̯m̥ħɔɲ,V-PN,to face (head on),FROM: *moa'* 'against'
moaâenjof,ˈmoɐ̯ˌɑe̯ɲɔf,V-VP,to face (head on),FROM: *moa'* 'against'
moaonj,ˈmoɐ̯ɔɲ,V-VI,to face (head on),FROM: *moa'* 'against'
ponjonj,ˈpɔɲ̊ɔɲ,V-PP,to flank,FROM: *pon* 'side'
jêponjonj,ˈjeˌpɔɲ̊ɔɲ,V-PN,to flank,FROM: *pon* 'side'
ponnjof,ˈpɔɲ̊ɲ̊ɔf,V-VP,to flank,FROM: *pon* 'side'
ponjanjh,ˈpɔɲ̊æɲ̊,V-VI,to flank,FROM: *pon* 'side'
ljienjonj,ˈʎie̯ɲɔɲ,V-PP,to ambush,FROM: *ljix* 'back'
qêśśienjonj,ˈɢeɕˌɕie̯ɲɔɲ,V-PN,to ambush,FROM: *ljix* 'back'
ljinjef,ˈʎiɲɛf,V-VP,to ambush,FROM: *ljix* 'back'
ljienjanjh,ˈʎie̯ɲæɲ̊,V-VI,to ambush,FROM: *ljix* 'back'
qâemuirâ,ˈɢɑe̯ˌmuʎʌrʌ,V-PP,to head / be in front / lead,REG: qâemuljârâ;FROM: *aoa + uirâ* 'start-go'
qârhâmuirâ,ˈɢʌr̥ʌˌmuʎʌrʌ,V-PN,to head / be in front / lead,REG: qâemuljârâ;FROM: *aoa + uirâ* 'start-go'
qâeuirâenjof,ˈɢɑe̯uʎʌˌrɑe̯ɲɔf,V-VP,to head / be in front / lead,REG: qâemuljârâ;FROM: *aoa + uirâ* 'start-go'
qâemuirânj,ˈɢɑe̯ˌmuʎʌrʌɲ,V-VI,to head / be in front / lead,REG: qâemuljârâ;FROM: *aoa + uirâ* 'start-go'
vao,ˈʋæɔ,V-PP,to lead / command,FROM: *vae* 'first'
ümao,ˈyˌmæɔ,V-PN,to lead / command,FROM: *vae* 'first'
vao,ˈʋæɔ,V-VP,to lead / command,FROM: *vae* 'first'
vaaoñe,ˈʋæˌæo̯ɴɛ,V-VI,to lead / command,FROM: *vae* 'first'
erriembonj,ɛrˈrie̯mbɔɲ,V-PP,to shoot (a weapon),CF: *riem* 'far'
qêrrhiembonj,ˈɢer̥ˌr̥ie̯mbɔɲ,V-PN,to shoot (a weapon),CF: *riem* 'far'
erriembonj,ɛrˈrie̯mbɔɲ,V-VP,to shoot (a weapon),CF: *riem* 'far'
erriembaonje,ɛrˈrie̯mˌbæo̯ɲɛ,V-VI,to shoot (a weapon),CF: *riem* 'far'
câeñoa,ˈcɑe̯ɴoɐ̯,V-PP,to hold ground;to defend,FROM: *camh* 'remain'
jêcaoñea,ˈjeˌcæo̯ɴeɐ̯,V-PN,to hold ground;to defend,FROM: *camh* 'remain'
câeñqof,ˈcɑe̯ɴɢɔf,V-VP,to hold ground;to defend,FROM: *camh* 'remain'
câeñoañh,ˈcɑe̯ɴoɐ̯ɴ̥,V-VI,to hold ground;to defend,FROM: *camh* 'remain'
ghâeñgo,ˈɣɑe̯ɴgɔ,V-PP,to block,FROM: *ghâeñ* 'prevent'
nearghaoñge,ˈneɐ̯rˌɣæo̯ɴgɛ,V-PN,to block,FROM: *ghâeñ* 'prevent'
ghâeñgo,ˈɣɑe̯ɴgɔ,V-VP,to block,FROM: *ghâeñ* 'prevent'
ghâeñgoo,ˈɣɑe̯ɴˌgɔɔ,V-VI,to block,FROM: *ghâeñ* 'prevent'
ghâeñunj,ˈɣɑe̯ɴuɲ,V-PP,to counter (strike after defending),
nearghaoñünj,ˈneɐ̯rˌɣæo̯ɴyɲ,V-PN,to counter (strike after defending),
ghâeñunj,ˈɣɑe̯ɴuɲ,V-VP,to counter (strike after defending),
ghâeñuomo,ˈɣɑe̯ˌɴuo̯mɔ,V-VI,to counter (strike after defending),
ghâeuoñonj,ˈɣɑe̯ˌuo̯ɴɔɲ,N-H,(leather) armour,
mâenvë,ˈmɑe̯nʋɤ,N-I,javelin,
voudvë,ˈʋou̯dʋɤ,N-I,spear,
uonvë,ˈuo̯nʋɤ,N-I,axe,
vônljë,ˈʋoɲʎɤ,N-I,club;(generally) weapon,
uonvë,ˈuo̯nʋɤ,N-I,axe,
erremqê,ɛrˈrɛm̥ɢe,N-I,bow,
tfuor,ˈtfuo̯r,N-I,arrow,
mâenvum,ˈmɑe̯nʋum,N-H,javelineer,
voudvum,ˈʋou̯dʋum,N-H,spearman,
uonvum,ˈuo̯nʋum,N-H,axeman,
vônlum,ˈʋonlum,N-H,warrior wielding a club;(generally) warrior,
xuorvonj,ˈxuo̯rʋɔɲ,N-H,scout / explorer,FROM: *xuorva* 'to scout'
qunjoghu,ˈɢuɲɔɣu,N-H,battle,
qunnjë,ˈɢuɲɲɤ,N-H,war,
ljizamimêr,ʎiˈzæmimer,N-I,saddle,FROM: Shch. /liˈʐamimeɣ/
meħħonj,ˈmɛħħɔɲ,V-PP,to dig,ACC: thing dug into (e.g. ground),
âemfonj,ˈɑe̯m̥fɔɲ,V-PN,to dig,ACC: thing dug into (e.g. ground),
meħħonj,ˈmɛħħɔɲ,V-VP,to dig,ACC: thing dug into (e.g. ground),
meħħaonje,ˈmɛħˌħæo̯ɲɛ,V-VI,to dig,ACC: thing dug into (e.g. ground),
ljanfa,ˈʎæn̥fæ,V-PP,to shape (pottery);to guide;to carve (wood),CF: *ljanci* 'to turn'
qêśśanfa,ˈɢeɕˌɕæn̥fæ,V-PN,to shape (pottery);to guide;to carve (wood),CF: *ljanci* 'to turn'
ljanfa,ˈʎæn̥fæ,V-VP,to shape (pottery);to guide;to carve (wood),CF: *ljanci* 'to turn'
ljanfae,ˈʎæn̥ˌfæɛ,V-VI,to shape (pottery);to guide;to carve (wood),CF: *ljanci* 'to turn'
erremfonj,ɛrˈrɛm̥fɔɲ,V,to mine (dig for metal/stone),FROM: *erreqqa + meħħonj* 'to dig stone'
erreħħuonjë',ɛrˈrɛħˌħuo̯ɲɤʔ,V,to quarry (cut stone from deposit),FROM: *erreqqa + uonjë'* 'to cut stone'
qunduomoa,ˈɢunˌduo̯moɐ̯,V,to make furniture,FROM: *qunduomoa (old verb)* 'join'
vônjof,ˈʋoɲɔf,V-PP,to hammer into shape,
vôxfienjef,ˈʋoxˌfie̯ɲɛf,V-PN,to hammer into shape,
vônjof,ˈʋoɲɔf,V-VP,to hammer into shape,
vôtufo,ˈʋoˌtufɔ,V-VI,to hammer into shape,
rheük,ˈr̥ɛyk,V-PP,to smelt,
jêmreük,ˈjemˌrɛyk,V-PN,to smelt,
rheük,ˈr̥ɛyk,V-VP,to smelt,
rheuko,ˈr̥ɛˌukɔ,V-VI,to smelt,
erraonja',ɛrˈræo̯ɲæʔ,V-PP,to cast (pour metal into cast),
qêrrhaonja',ˈɢer̥ˌr̥æo̯ɲæʔ,V-PN,to cast (pour metal into cast),
erraonja',ɛrˈræo̯ɲæʔ,V-VP,to cast (pour metal into cast),
erraocae,ɛrˈræo̯ˌcæɛ,V-VI,to cast (pour metal into cast),
me'odv,ˈmɛʔɔdʋ,N-I,clay,
ħrhaodva,ˈħr̥æo̯dʋæ,N-I,(clay) pot / pottery,
ħrhâedvum,ˈħr̥ɑe̯dʋum,N-H,potter,
mette',ˈmɛttɛʔ,N-I,clay brick,
qotfśo,ˈɢɔtfɕɔ,N-I,wood,
irtfśe,ˈir̥tfɕɛ,ADJ,wooden,
qotfśum,ˈɢɔtfɕum,N-H,lumberjack,
qunduomoam,ˈɢunˌduo̯moɐ̯m,N-H,joiner (maker of wooden furniture),
kaŕa'an,ˈkæˌɹæʔæn,N-H,furniture
ljanfan,ˈʎæn̥fæn,N-H,wood carver
ljanfkeu,ˈʎæn̥fkøʊ̯,N-I,wood carving
ljancemh,ˈʎæɲ̊cɛm̥,N-A,wheel,
ienjö,ˈie̯ɲø,N-A,cart,
teqqe,ˈtɛɢɢɛ,N-I,stone block,
irreqqa,ˈirˌrɛɢɢæ,ADJ,(made of) stone,
teqqün,ˈtɛɢɢyn,N-H,stone quarrier,
źñärhä,ˈʑɴar̥a,N-I,metal,
źñârhâ,ˈʑɴʌr̥ʌ,N-I,metal tool,
źñârhôm,ˈʑɴʌr̥om,N-H,metalworker,
źñärhên,ˈʑɴar̥en,N-H,miner,
qaoŕiħ,ˈɢæo̯ɹiħ,N-H,gemstone,
rheśrhä,ˈr̥ɛɕr̥a,N-I,gold,
to'rhä,ˈtɔʔr̥a,N-I,copper,
totfrhä,ˈtɔtfr̥a,N-I,tin,
qundoarä,ˈɢunˌdoɐ̯ra,N-I,bronze,
vaśrhä,ˈʋæɕr̥a,N-I,meteor iron,
miśrhä,ˈmiɕr̥a,N-I,iron,
vônjë,ˈʋoɲɤ,N-I,hammer,
rhekkê,ˈr̥ɛkke,N-I,smelting furnace,
uovdvë,ˈuo̯ʋdʋɤ,N-I,bellows,
orrâeë,ɔrˈrɑe̯ɤ,N-I,cast,
errettün,ɛrˈrɛttyn,N-H,mason;(generally) builder,
oħkum,ˈɔħkum,N-H,carpenter;(generally) builder,
ghâuaś,ˈɣɑʊ̯æɕ,N-I,roof,FROM: *ghâeñ-vaś* 'prevent-sky'
ghâeñdo,ˈɣɑe̯ɴdɔ,N-I,wall,FROM: *ghâeñ* 'to prevent'
quljok,ˈɢuʎɔk,N-I,gate,CF: *quljârâ* 'to go'
ca'êr,ˈcæʔer,N-I,ladder,FROM: *ca'o* 'to climb'
ħuiccenjh,ˈħuˌiccɛɲ̊,V-PP,to tie,
iñêccenjh,ˈiˌɴeccɛɲ̊,V-PN,to tie,
ħuiccenjh,ˈħuˌiccɛɲ̊,V-VP,to tie,
ħuëccenje,ˈħuɤcˌcɛɲ̊ɛ,V-VI,to tie,
jêmdlü,ˈjemdly,V-PP,to make felt,
jêxiemdlü,ˈjeˌxie̯mdly,V-PN,to make felt,
jêmdlü,ˈjemdly,V-VP,to make felt,
jêmdluo,ˈjemˌdluɔ,V-VI,to make felt,
rhaoinjh,ˈr̥æo̯iɲ̊,V-PP,to dye,
jêmraoinjh,ˈjemˌræo̯iɲ̊,V-PN,to dye,
rhaoinjh,ˈr̥æo̯iɲ̊,V-VP,to dye,
rhaoinje,ˈr̥æo̯ˌiɲ̊ɛ,V-VI,to dye,
ljanśanjh,ˈʎæɲ̊ɕæɲ̊,V-PP,to spin (intrans),"CAUS = to spin (trans, e.g. to make yarn)"
qêśnśanjh,ˈɢeɕɲ̊ɕæɲ̊,V-PN,to spin (intrans),"CAUS = to spin (trans, e.g. to make yarn)"
ljanśancef,ˈʎæɲ̊ˌɕæɲ̊cɛf,V-VP,to spin (intrans),"CAUS = to spin (trans, e.g. to make yarn)"
ljanśanjh,ˈʎæɲ̊ɕæɲ̊,V-VI,to spin (intrans),"CAUS = to spin (trans, e.g. to make yarn)"
indvü,ˈindʋy,V-PP,to weave,
jêindvü,ˈjeˌindʋy,V-PN,to weave,
indvü,ˈindʋy,V-VP,to weave,
indvuo,ˈinˌdʋuɔ,V-VI,to weave,
ħo'iścênj,ˈħɔʔˌiɕceɲ,V-PP,to sew,
iñe'iścênj,ˈiɴɛʔˌiɕceɲ,V-PN,to sew,
ħo'iścênj,ˈħɔʔˌiɕceɲ,V-VP,to sew,
ħo'ëścienje,ˈħɔʔɤɕˌcie̯ɲɛ,V-VI,to sew,
faiâu,ˈfæɪ̯ɑʊ̯,V-PP,to paint,CF: *faiâuo* 'paint'
ümaiâu,ˈyˌmæɪ̯ɑʊ̯,V-PN,to paint,CF: *faiâuo* 'paint'
faiâu,ˈfæɪ̯ɑʊ̯,V-VP,to paint,CF: *faiâuo* 'paint'
faiâuo,ˈfæɪ̯ˌɑʊ̯ɔ,V-VI,to paint,CF: *faiâuo* 'paint'
quccëñ,ˈɢuccɤɴ,V-PP,to tan,
qu'ficcêñ,ˈɢuʔˌficceɴ,V-PN,to tan,
quccëñ,ˈɢuccɤɴ,V-VP,to tan,
quttuo,ˈɢutˌtuɔ,V-VI,to tan,
quttampa',ˈɢutˌtæm̥pæʔ,N-I,rope,
quttampâeo,ˈɢuttæm̥ˌpɑe̯ɔ,ADJ,made of rope
uttë,ˈuttɤ,N-I,net,
uttum,ˈuttum,N-H,net fisher,
vienjü,ˈʋie̯ɲy,N-I,wool,
ljieröjiś,ˈʎie̯røjiɕ,N-I,linen cloth,
merrhüöjiś,ˈmɛr̥ˌr̥yøjiɕ,N-I,hemp cloth,
undë,ˈundɤ,N-I,string / yarn (any kind),
ujëś,ˈujɤɕ,N-I,cloth (any kind),
vôggoś,ˈʋoggɔɕ,N-I,leather,
vôgglum,ˈʋogglum,N-H,tanner,CF: *vôggoś* 'leather'
jêmekkeś,ˈjeˌmɛkkɛɕ,N-I,felt,
jêmdlün,ˈjemdlyn,N-H,feltmaker,
ljanśnjemh,ˈʎæɲ̊ɕɲ̊ɛm̥,N-A,spinning wheel (textile),
indvê,ˈindʋe,N-I,loom,
indvüm,ˈindʋym,N-H,weaver;(generally) textile worker,
ujëssum,ˈujɤssum,N-H,tailor,
ujëśśonj,ˈujɤɕɕɔɲ,N-H,clothes,
narrânj,ˈnærrʌɲ,N-H,robe,
viñrênj,ˈʋiɴreɲ,N-H,coat,
nje'uśśonj,ˈɲɛʔˌuɕɕɔɲ,N-H,skirt,
quttśonj,ˈɢucc͡ɕɔɲ,N-H,tunic,
rhaoi,ˈr̥æo̯i,N-I,dye;colour,
jêddźâugou,ˈjeɟˌɟ͡ʑɑʊ̯gou̯,N-I,purple dye;purple,CF: *jêddźâu* 'shell'
toprhâeë,ˈtɔpˌr̥ɑe̯ɤ,N-I,turquoise dye;turquoise (colour),FROM: *tot-rhaoi* 'turq.dye'
tottśof,ˈtɔcc͡ɕɔf,N-I,turquoise (mineral),CF: *to'rhä* 'copper'
paccanjrhaoi,ˈpæccæɲ̊ˌr̥æo̯i,N-I,crimson dye;crimson,FROM: *pa'nj-rhaoi* 'crimson-dye'
pa'njanjh,ˈpæʔɲ̊æɲ̊,N-A,crimson insect (kermes),CF: *paccantśa* 'oak'
paccanjh,ˈpæccæɲ̊,N-I,tannin,CF: *paccantśa* 'oak'
rhaiün,ˈr̥æɪ̯yn,N-H,dyemaker,CF: *rhaoi* 'dye'
rhaiin,ˈr̥æɪ̯in,N-H,dyer,CF: *rhaoi* 'dye'
faiâuo,ˈfæɪ̯ˌɑʊ̯ɔ,N-I,paint,
